Sample_ID,Sample_Longitude,Sample_Latitude,Normalized_Respiration_Rate_mg_DO_per_H_per_L_sediment,mean.error,predict.error,pca.dist,mean.error.scaled,pca.dist.scaled,combined.metric
S19S_0006-D,-76.717163,39.311369,-1766.3408075927964,495.2833596151458,1457.5560700230994,11.17426036614946,0.5247159215163673,1.0,0.5247159215163673
S19S_0006-M,-76.717316,39.31162,-99.38090431547688,201.7725260190544,1385.595988448879,10.488140321328052,0.2137630002531095,0.9385981691549006,0.2006375606706271
S19S_0006-U,-76.717476,39.311813,-141.4880433485855,195.6132996137208,1384.712480602123,10.593760545015039,0.2072377574878088,0.9480502689114935,0.196471811714932
S19S_0008-M,-119.028281,36.961369,-78.74627914195224,205.07486988748775,1386.0807311296437,4.0559043868821165,0.21726158822795155,0.3629684877550192,0.07885911012635326
S19S_0009-M,-108.3983,42.9876,-103.78286471970227,201.09152586507216,1385.496984018464,2.240432004115365,0.2130415311861349,0.20049935572491015,0.0427146897454684
S19S_0009-U,-108.3982,42.9875,-94.04403745854812,202.6093673336603,1385.7180978398394,1.5124762704271921,0.21464957145125674,0.13535359127741325,0.029053590362085317
S19S_0010-D,-81.840062,31.667875,-65.29800311509825,207.3218713668371,1386.4149628796438,2.0904743410333357,0.2196421193501794,0.18707943725439544,0.04109052408539432
S19S_0010-M,-81.839976,31.667835,-69.34409364987573,206.6381553052057,1386.3128861038026,5.130559023298464,0.21891777298083392,0.4591408160526337,0.10051408493484529
S19S_0010-U,-81.8403,31.667905,-89.52719198049631,203.32711799135507,1385.823223885423,1.3461962870830266,0.2154099749464679,0.12047296581356755,0.02595107854762727
S19S_0011-D,-83.437674,33.955686,-373.6118043467611,178.48596206755187,1382.396950808521,6.095765115200443,0.18909261586495443,0.5455184428730995,0.10315350936545109
S19S_0011-M,-83.438589,33.957827,-170.2432034838419,191.8851329137636,1384.1907365615657,5.133931494178113,0.2032880418602643,0.45944262313150447,0.09339919120354692
S19S_0011-U,-83.437673,33.95569,-105.12108227699122,200.8861690638175,1385.4671933577688,5.093407111740346,0.21282397091257005,0.45581604015331206,0.09700857967107135
S19S_0012-D,-72.33027,42.47179,-65.54427292950156,207.28006942432305,1386.40871251232,4.036884737386136,0.21959783329783863,0.36126639304156527,0.0793333171552531
S19S_0012-M,-72.33038,42.47157,-85.79851322961449,203.92611222506423,1385.911234602255,8.287909172461292,0.21604456483369514,0.7416964435129969,0.16023948537746477
S19S_0013-D,-78.1476,38.8952,-526.1146488094922,184.86957107387312,1383.2356448770956,3.8654789352743353,0.19585557532508002,0.345927050973696,0.06775174158896152
S19S_0013-M,-78.1474,38.8945,-2137.5742589650667,612.446618858798,1501.4176473923203,1.2452198739809166,0.6488416898233509,0.11143644708271704,0.07230461263306054
S19S_0013-U,-78.1474,38.8944,-2533.761394224529,739.8938784019442,1557.7570549499007,2.2834724657412875,0.7838625923787708,0.20435110610619767,0.16018318778787335
S19S_0014-D,-77.9808,39.0941,-1701.9774549544038,475.315221892781,1450.8923637239602,2.1174341425473444,0.5035611631693517,0.18949210714310494,0.09542086588439334
S19S_0014-M,-77.9812,39.0942,-3028.9732274892576,901.115483416881,1640.4795656768042,2.683934194060743,0.9546649046339096,0.2401889795042963,0.2292999892125851
S19S_0014-U,-77.9815,39.0944,-258.478181491057,183.12834321817363,1383.0040061544837,4.878430305769014,0.19401087377971968,0.43657746874660247,0.0847007761840666
S19S_0015-D,-84.439009,31.184396,-111.99519964517437,199.84369411035016,1385.316423430109,0.5259588327621381,0.21171954615198169,0.0470687826780412,0.00996538130652114
S19S_0015-U,-84.437254,31.185895,-84.49851258375178,204.13632013415997,1385.942180665353,1.6456846574947135,0.21626726449559558,0.14727459389437875,0.03185067355123703
S19S_0016-D,-96.6025,39.10445,-99.1974838224976,201.8010839538213,1385.6001473854044,4.91047691993837,0.21379325526323026,0.43944536452845084,0.09395045499287437
S19S_0016-M,-96.60286,39.10429,-1996.5516935059748,567.6045545285631,1483.69101273516,0.9548513431361972,0.6013348542898117,0.08545096604592807,0.051384644216151805
S19S_0016-U,-96.60276,39.10415,-115.9807480496642,199.24886890226657,1385.2307398799485,5.535215622897334,0.21108937303765926,0.49535409427771504,0.10456398519272042
S19S_0017-D,-96.44355,38.94668,-169.07257050467982,192.02896257516716,1384.2106824530763,0.3776315601802847,0.20344041870042986,0.03379477010615002,0.006875222180279931
S19S_0017-M,-96.44379,38.94667,-91.40662543900248,203.02741551901693,1385.7792834365248,0.8842410663081328,0.21509246244397676,0.07913195480810455,0.017020687017680693
S19S_0017-U,-96.44389,38.94684,-121.18191626157036,198.48333513036025,1385.1208341780105,0.7186563753991189,0.21027834688307606,0.06431355202498837,0.013523747401993262
S19S_0018-D,-83.504941,35.6922935,-81.85531067750065,204.56589098091104,1386.005517558401,1.794425540906597,0.21672236289196548,0.16058562107094865,0.03480249524496979
S19S_0018-M,-83.5044488,35.692083,-72.41980655729425,206.12281272059104,1386.2361648988117,3.278326593021604,0.21837180580076793,0.2933819765783105,0.06406635201480426
S19S_0018-U,-83.5041467,35.6918387,-107.90617647888776,200.461294933023,1385.4056524050063,4.072931772637612,0.21237384833780487,0.36449229203356254,0.07740863074863469
S19S_0019-D,-84.278999,35.9563807,-82.86742053630661,204.40106094126165,1385.9811992460182,2.896054021984466,0.21654773771131047,0.2591718759979474,0.05612308342575179
S19S_0019-M,-84.2789099,35.956601,-139.3620166107416,195.90477915477967,1384.753686922407,1.2571199048785573,0.20754655840554748,0.11250139729040057,0.023349277823437823
S19S_0019-U,-84.2786976,35.9572803,-108.30397290249238,200.40088805720987,1385.396913120437,1.834881385007768,0.21230985174092176,0.16420607045869742,0.034862566474045405
S19S_0020-D,-88.15755,31.85294,-80.7832143178203,204.740952962438,1386.0313664450323,3.565317932811888,0.21690782805483866,0.31906522812126503,0.06920774563960523
S19S_0020-M,-88.1575,31.85302,-1542.6615386898388,426.5185435356935,1435.646947870306,5.180863213284321,0.4518647078897467,0.4636426075213778,0.20950373141288786
S19S_0020-U,-88.15748,31.8531,-101.5884422646267,201.4299607587371,1385.546145042013,1.665512367670451,0.21340007781132472,0.1490490030745874,0.03180706885381733
S19S_0021-D,-87.79835,32.54069,-2721.4539954457514,800.8075503450857,1587.5946660401746,0.5233132506779926,0.8483961021082863,0.04683202588184557,0.03973210821199216
S19S_0021-M,-87.79828,32.54082,-131.99603956727134,196.9310825448256,1384.8992534555696,1.5834370668767914,0.20863385059618716,0.14170397100049212,0.02956424511460311
S19S_0021-U,-87.79821,32.54108,-171.03259292197703,191.7885327837404,1384.1773485564834,3.617364408623651,0.20318570119959053,0.3237229391559416,0.06577587238679238
S19S_0022-D,-87.40811,32.96161,-65.46895923479434,207.292850640682,1386.4106234720855,4.3191025222749015,0.21961137404696676,0.38652245256060935,0.08488472690683894
S19S_0022-M,-87.40821,32.96156,-66.07050103078153,207.19082817466227,1386.3953729831976,5.683361734241432,0.21950328882416723,0.5086118944801232,0.11164198357347735
S19S_0022-U,-87.40828,32.96142,-68.38896939001148,206.79896331314652,1386.3368646100805,5.2264600052781285,0.21908813711771802,0.4677231274394509,0.10247258867758231
S19S_0023-D,-102.44896,39.75841,-103.90492607418147,201.07276248713328,1385.4942608194824,4.890760141920368,0.2130216527812686,0.4376808828203165,0.09323550504914857
S19S_0023-M,-102.44896,39.75861,-96.34707710915072,202.2467438352312,1385.6651241701477,2.3593652590634986,0.21426539879645654,0.21114285704410454,0.04524060846757827
S19S_0023-U,-102.44917,39.75854,-110.06004520650674,200.1350558273949,1385.3584848408557,4.14478427718172,0.2120282222439314,0.37092247194612055,0.07864603231706045
S19S_0024-D,-96.6227,34.44205,-2238.476771263071,644.7245168463803,1514.8708834657543,7.075772995431568,0.6830377245948926,0.6332207021832452,0.432513627585624
S19S_0024-M,-96.62255,34.44223,-2072.066309352275,591.5738914452028,1493.0250366250184,4.06651506174475,0.6267285859066457,0.3639180517095854,0.22807784593385003
S19S_0025-D,-97.78275,33.37853,-146.16666655817673,194.97941053290708,1384.6230755990157,2.9342017003137797,0.20656619910265167,0.2625857644415061,0.05424134329914614
S19S_0025-M,-97.78307,33.37834,-134.1217391344941,196.6323053302372,1384.8567992572373,1.984916212640149,0.20831731833553807,0.1776328944914438,0.03700400822863714
S19S_0025-U,-97.78338,33.37834,-99.52430735325956,201.75020877650343,1385.5927387551076,2.663806057991006,0.21373935679272765,0.23838768479572553,0.05095283041554587
S19S_0026-M,-105.54371,40.03496,-67.88479388474218,206.88399555872,1386.34955136425,4.21470995115408,0.2191782224642747,0.37718021712844946,0.08266968953890273
S19S_0026-U,-105.54393,40.03497,-73.39960858815454,205.9594476403556,1386.2118831628293,4.121856881737847,0.2181987326357701,0.36887066764833215,0.08048711218737645
S19S_0027-D,-105.91125,39.89064,-64.67265621557145,207.42812640506864,1386.4308560377017,3.1621423415839813,0.2197546886687706,0.2829844873816579,0.06218716792264787
S19S_0027-M,-105.91152,39.89078,-68.14235886247937,206.8405429454019,1386.3430676262878,2.936345018447304,0.2191321876488567,0.2627775729427665,0.05758302442400543
S19S_0027-U,-105.91164,39.89071,-69.66161091789799,206.58477814466244,1386.304930926308,2.8239294265239483,0.2188612238449935,0.2527173462933231,0.05531002769661573
S19S_0028-D,-111.507871,33.750675,-77.6419127750678,205.2566233805113,1386.107633768419,4.118428237382811,0.2174541425500971,0.36856383352753225,0.08014573239470625
S19S_0029-D,-111.80126,40.78319,-251.72330736074255,183.6467484936487,1383.072745441037,5.568110611747331,0.194560085653204,0.49829791228196046,0.09694888449439097
S19S_0029-M,-111.79582,40.78466,-349.37306174876085,178.78877442538516,1382.436080551303,5.5195355385042575,0.18941342306007303,0.49395086185970405,0.09356092356831981
S19S_0029-U,-111.79547,40.78464,-110.79536342195428,200.02414898119588,1385.3424670907798,5.4841322681043785,0.2119107246804134,0.49078257427378674,0.10400209097487696
S19S_0030-U,-121.929928,45.792233,-94.25505271515104,202.576047804926,1385.7132264988238,3.646301168952939,0.21461427188609894,0.3263125298206577,0.07003132599477141
S19S_0031-D,-122.1650676,44.2602628,-66.16091557087479,207.17550618525485,1386.393083260528,3.0369661934100116,0.21948705631476567,0.27178230092167793,0.059652697187752915
S19S_0031-M,-122.1647132,44.2602364,-66.26278831184906,207.15824635078957,1386.390504143999,3.205872337481461,0.21946877080250113,0.28689794513765865,0.06296513936512535
S19S_0031-U,-122.1642723,44.2605576,-65.65750728567227,207.26085707853235,1386.405840230935,2.788344332554284,0.21957747924489027,0.24953278706491427,0.054791780372665834
S19S_0032-D,-119.02313,39.95545,-108.99278935572966,200.29645358957669,1385.381810285554,1.9517696458368639,0.2121992111816169,0.17466656242854528,0.03706410676714195
S19S_0032-M,-119.02367,36.95503,-67.87079358661715,206.886358246459,1386.349903948494,3.4414560229855002,0.21918072555639392,0.3079806546669354,0.0675034233472321
S19S_0032-U,-119.02375,36.95497,-113.70358785973058,199.58785711963085,1385.2795398976782,3.0996931768489007,0.21144850586819836,0.2773958253415053,0.05865493280253701
S19S_0033-M,-119.2557,37.0582,-62.74412803305011,207.7567870462881,1386.4800660353228,4.869298082286644,0.22010288019969065,0.4357602134488796,0.09591207805653038
S19S_0033-U,-119.256,37.0581,-63.44739800850603,207.63676475805917,1386.462086401467,5.22539534555236,0.21997572550259062,0.4676278495695174,0.10286677547427091
S19S_0034-D,-106.5233,35.8677,-204.5475340897604,187.9820264190145,1383.6550629423923,3.4280406280066242,0.19915299051761431,0.3067800924337951,0.06109617283946044
S19S_0034-M,-106.5232,35.8678,-78.87787007673433,205.05324642543343,1386.0775320374855,2.9730717185580366,0.21723867977646022,0.2660642960821333,0.057799456416535853
S19S_0034-U,-106.5233,35.868,-125.37504478276104,197.87509292026672,1385.0338058501393,2.6644829498108322,0.20963395945196517,0.2384482607799649,0.049986853031738776
S19S_0035-M,-110.758821,32.42728,-71.54128243036789,206.26962194135717,1386.2580019193206,3.666543646804261,0.21852733926270626,0.3281240571332522,0.07170407715341381
S19S_0035-U,-110.759543,32.327329,-77.74153640498955,205.2402070671085,1386.1052029144348,3.5817968637927313,0.21743675068572732,0.32053995042420724,0.06969716528520374
S19S_0036-D,-119.271902,46.372515,-115.92644218470188,199.2569261111821,1385.2318988360014,1.3090186027803994,0.21109790905188,0.11714588347572881,0.02472925105576153
S19S_0036-M,-119.271921,46.372735,-70.4437070786988,206.453474578883,1386.285370374805,2.947578954349543,0.21872211747249218,0.2637829133889467,0.05769515736949343
S19S_0036-U,-119.271963,46.372753,-81.62269823476868,204.60383373595675,1386.0111181837497,2.2449635377569463,0.21676256042190903,0.20090488893186034,0.0435486581261493
S19S_0037-D,-75.7830393,39.8577967,-77.6396622588708,205.25699427506336,1386.107688691016,4.325340288414468,0.21745453548531873,0.38708067887136033,0.0841724492193135
S19S_0037-U,-75.7831181,39.8579143,-88.90565402151,203.4265592069086,1385.8378173293868,0.9826961013502362,0.21551532552617733,0.08794283193249627,0.018953028051625836
S19S_0038-D,-75.7839486,39.8594333,-85.70844350701698,203.94065359303195,1385.913374326646,0.9970990611509065,0.21605997033267904,0.08923177270608892,0.019279414163609933
S19S_0038-M,-75.7840693,39.8595115,-76.01470206007033,205.52533586886543,1386.1474505381912,0.3549495129849541,0.21773882346701556,0.03176492236212912,0.0069164568226510875
S19S_0038-U,-75.784143,39.8595761,-80.4528097037147,204.7950003021896,1386.039351208432,1.1058012934841452,0.21696508719575813,0.0989596856749449,0.021470796831329235
S19S_0039-D,-84.359197,35.966194,-1976.1524480863663,561.1479724577105,1481.2329789546666,3.4567998576765824,0.5944945852894843,0.309353795634508,0.1839091564434647
S19S_0039-M,-84.358455,35.966319,-705.0342979534704,208.5629900220533,1386.6011004454222,2.6855752760638327,0.2209569923541684,0.24033584220028834,0.053103884847481735
S19S_0039-U,-84.357361,35.966243,-1861.3955460628777,524.9906172296867,1467.916632213398,2.6079525883993884,0.5561885538031663,0.23338928062744463,0.1298084464653398
S19S_0040-M,-96.584798,39.087692,-182.9290677660283,190.3709114223849,1383.981638196586,5.176955674876684,0.2016838366920429,0.4632929165101074,0.09343869291400476
S19S_0040-U,-96.58479,39.08766,-2262.079372322292,652.2950240640789,1518.108325966324,1.5775493056574972,0.6910581145271684,0.1411770671136693,0.09756155781404782
S19S_0041-D,-120.858196,44.299994,-79.57831414697881,204.93826699080483,1386.0605268987033,0.9998305645672454,0.21711686760808158,0.08947621872102281,0.019426796334124058
S19S_0041-M,-120.858255,44.300038,-178.55466888740312,190.88380882162213,1384.0522820398678,3.7804254214574713,0.20222721337987112,0.3383154945010619,0.06841659969618286
S19S_0041-U,-120.85829,44.300082,-130.3025874849609,197.17060689057257,1384.933333836367,0.8944017511359372,0.2088876088446005,0.08004124853268828,0.016719625014929643
S19S_0042-D,-80.96434,25.40976,-110.24632127487624,200.10693748065412,1385.354423018674,3.4379831720553624,0.21199843294466428,0.3076698644386481,0.06522552912529068
S19S_0042-M,-80.96423,25.40979,-153.52475813774117,194.0037092009273,1384.486016589996,2.0588431328758743,0.2055325160329593,0.18424871673053125,0.03786910232547009
S19S_0042-U,-80.96423,25.40982,-150.0027916098624,194.46747495100956,1384.5510787845058,3.8115601631718325,0.20602384138883487,0.3411017855569495,0.07027510016503333
S19S_0043-D,-89.472992,43.14501,-957.7155699474048,262.30222198230814,1395.695721354183,5.043609517516878,0.2778897159601416,0.4513595846393238,0.12542818677130918
S19S_0043-M,-89.472023,43.145025,-179.69079201681848,190.74965774696773,1384.033786755259,2.997234446459601,0.2020850902832777,0.26822665198845896,0.05420460718346904
S19S_0044-D,-79.811134,33.131027,-1133.586579886129,307.90241148910945,1404.9797101561026,2.1489889314089106,0.32619972879193665,0.19231598879858847,0.06273342338845268
S19S_0044-M,-79.810626,33.130966,-121.1041532608588,198.49469070752696,1385.1224614410792,9.0970064053368,0.21029037727340052,0.8141036728385754,0.17119816850088507
S19S_0044-U,-79.810168,33.130796,-2081.327368431485,594.5204458312054,1494.1949844183162,5.443338433168346,0.6298502413588919,0.4871318776192135,0.3068201306920718
S19S_0047-D,-149.40333,68.64278,-151.51665337605095,194.2673973083664,1384.5229909996017,3.134800574678172,0.205811873991594,0.2805376348822623,0.057737976360287976
S19S_0050-D,-149.14198,68.66953,-93.77623889335923,202.6516803330407,1385.724285163294,2.4953993902908205,0.2146943989303775,0.22331673941035174,0.04794485313879721
S19S_0050-M,-149.14041,68.66967,-117.35263703441628,199.0457644669519,1385.2015403188627,2.515780291824587,0.21087419897846413,0.22514065444955264,0.0474763551645366
S19S_0050-U,-149.5972,68.62722,-93.9417150545219,202.62553098152924,1385.7204612601574,7.373899019661423,0.2146666956352657,0.659900412021847,0.14165864089708025
S19S_0051-M,-147.50249,65.15298,-143.74789746550647,195.3058197217842,1384.6690774935053,2.7954152494379056,0.2069120053870908,0.25016557318694177,0.051762260426921156
S19S_0051-U,-147.80559,64.85568,-83.9051635912215,204.23249789290205,1385.956350014347,3.8387498377765903,0.2163691576852778,0.3435350271061731,0.07433038445035176
S19S_0052-D,-74.69563,42.13187,-136.84158748507264,196.2530918040911,1384.8030065652592,0.48208094296371384,0.2079155697789586,0.04314208969249517,0.008969912159870069
S19S_0052-M,-74.69546,42.13233,-144.15668941217172,195.2504579826547,1384.6612698750382,3.6594174922629956,0.20685335373768624,0.3274863277169185,0.06774164519148358
S19S_0052-U,-74.69548,42.13247,-100.20627807981585,201.64419794810675,1385.577306943085,1.0498777905765264,0.2136270461963125,0.09395501412844777,0.020071332143593107
S19S_0053-D,-73.00222222,41.869567,-99.9892234741533,201.67791680016268,1385.5822144767774,3.6346687234144577,0.2136627688148611,0.32527152619649663,0.0694984149037791
S19S_0053-M,-72.796633,41.869617,-90.05957574158577,203.24207028982264,1385.8107482932903,4.622942823155987,0.21531987322547105,0.41371354091232865,0.08908074718090334
S19S_0053-U,-72.796767,41.869583,-87.56006221513871,203.6424004263577,1385.8695170184408,5.659858598018907,0.21574399326185992,0.5065085663445337,0.1092761807245094
S19S_0054-D,-77.0237,37.57261,-2612.963277385863,765.564440712075,1570.1124175778973,1.0745566931941255,0.8110586459043124,0.09616356322332653,0.07799428937324496
S19S_0054-M,-77.0237,37.57267,-2966.942140446235,880.8394464611579,1629.4300296089784,0.9458469976025085,0.9331839499250956,0.08464515472252578,0.07898949982598746
S19S_0054-U,-77.02396,37.5728,-3159.7060937757465,943.9076256421478,1664.3694591931546,3.1279442523714,1.0,0.2799240531254293,0.2799240531254293
S19S_0055-D,-117.180863,46.732428,-298.32825781559774,180.61285818642315,1382.673170164152,5.726625858965801,0.19134590428120635,0.5124836607811332,0.09806164950150893
S19S_0055-M,-117.180621,46.732323,-269.01961816488654,182.37204170217748,1382.9040648375208,5.013434474304446,0.19320962851434573,0.44865917832841995,0.08668527317438561
S19S_0055-U,-117.180384,46.7322206,-195.3992788969616,188.9630157549369,1383.7886804973934,5.755216399836861,0.20019227583460178,0.51504226778815,0.10310748373952416
S19S_0059-D,-117.3915976,48.16874998,-1584.2576302933185,439.16142401488463,1439.453662780535,5.8717934735909765,0.46525890043119383,0.5254749111966808,0.24448187938754692
S19S_0059-M,-117.3913007,48.16841972,-121.08037215421156,198.49816396284876,1385.122959179487,4.076875355238978,0.21029405692936204,0.3648452086895331,0.07672477908656164
S19S_0059-U,-117.3903992,48.16859001,-116.6699694483376,199.14672594782547,1385.2160515259902,4.072878845006498,0.2109811601663292,0.3644875554667223,0.07690000731855834
S19S_0060-D,-119.4768203,46.2531882,-112.36125569293463,199.78876666032903,1385.3085007438497,1.0634920123706324,0.2116613545996211,0.09517336964800842,0.020144524341507927
S19S_0060-M,-119.4769597,46.253117,-75.62827701056361,205.58930793073043,1386.156937177372,4.200706573807621,0.21780659711363853,0.37592703554080004,0.0818793883741595
S19S_0060-U,-119.4772256,46.2530248,-90.64672659419855,203.1484124050133,1385.7970155878509,2.2564110359674787,0.21522064965500182,0.20192934136409565,0.0434593640327873
S19S_0061-D,-89.6407,43.1095,-1221.095474203857,332.12500953355374,1410.4861264497356,4.299590159326388,0.3518617717571743,0.3847762642394903,0.13538805806541374
S19S_0061-M,-89.6405,43.1095,-2487.747038833165,725.0047810708131,1550.74047587759,3.2867968981387468,0.7680886999695407,0.29413999588693535,0.22592560704984221
S19S_0062-D,-106.950417,38.544583,-64.8134465328098,207.4041906357269,1386.4272751366289,1.4874439275110074,0.2197293304995054,0.13311341232185428,0.029248920969985655
S19S_0062-M,-106.950472,38.544667,-64.37567436723118,207.47864212373017,1386.4384147473063,3.3904959347517947,0.21980820631953346,0.30342016595771576,0.06669424244034067
S19S_0062-U,-106.950056,38.544778,-64.43098131695658,207.4692319244392,1386.4370065548717,2.4121183555233934,0.21979823691253292,0.21586380453694276,0.04744648365045164
S19S_0063-D,-97.709399,30.250335,-72.86069346625911,206.04925428811728,1386.2252292258304,10.525128572941002,0.21829387610672216,0.9419082988995949,0.2056128135038816
S19S_0063-M,-97.70953,30.250384,-71.55829552351932,206.2667759391026,1386.2575784484748,5.282862416103824,0.21852432413476655,0.4727706571172591,0.1033118883172985
S19S_0063-U,-97.709566,30.250278,-69.45645498647106,206.61926184434355,1386.3100700473249,6.18356504615459,0.21889775676277523,0.5533757800101615,0.12113271689107535
S19S_0064-M,-78.00808,40.64061,-246.7880243140272,184.04203307408733,1383.1252874875654,2.0477951089084265,0.19497886029777764,0.18326001380027596,0.03573182862893281
S19S_0064-U,-78.00688,40.61507,-432.9705193157109,179.2892716859159,1382.5008983328664,4.899569471730883,0.18994366272223304,0.4384692419171925,0.08328445380079241
S19S_0066-D,-106.643178,35.19845,-72.22029182853069,206.1561260146386,1386.241118724618,1.9488732836354286,0.21840709876073836,0.17440736297314247,0.03809180614947507
S19S_0066-M,-106.643131,35.198511,-2349.2084682353525,680.3013611309358,1530.350950895291,3.294183129503264,0.7207287478667432,0.29480099993753833,0.21247155555484584
S19S_0066-U,-106.643074,35.198601,-2839.6720958649985,839.3029282148887,1607.3560577107996,2.6972711668969227,0.8891790948758405,0.24138252363152837,0.21463229388152857
S19S_0067-D,-85.35412,42.3921,-1064.8311650404453,289.5152163897461,1401.0650061545032,3.0869910185069487,0.3067198616949266,0.2762590916405052,0.08473415037994181
S19S_0067-M,-85.354,42.39201,-2116.851231335284,605.836167765961,1498.7333162116809,2.904799703589525,0.6418384080262154,0.2599545391289724,0.16684880755372813
S19S_0068-U,-122.257915,44.207269,-72.00003020468836,206.1929221568465,1386.2465913743831,2.1681084464115417,0.21844608153956996,0.19402702061421992,0.042384442365973704
S19S_0069-D,-123.735151,39.362202,-64.79147716089878,207.40792513123623,1386.427833807718,2.7427383405753405,0.21973328692003627,0.24545144382745945,0.05393385253147631
S19S_0069-M,-123.734753,39.362129,-64.31642632353844,207.48872422738225,1386.4399235563812,2.896989675132187,0.21981888755928425,0.2592556088909589,0.05698927953991546
S19S_0069-U,-123.734848,39.362343,-63.573661319875136,207.6152369906662,1386.4588625632596,2.9385444216185586,0.21995291843248319,0.2629744005715478,0.05784198687874481
S19S_0070-D,-123.752414,39.339914,-64.03871504585774,207.5360002846313,1386.446999478761,2.9232158653409392,0.21986897302947728,0.2616026268903067,0.057518300916185254
S19S_0070-M,-123.752441,39.339892,-64.33393742693335,207.48574425805413,1386.4394775899289,2.726449903310536,0.21981573050318345,0.24399376907037684,0.053633668586429935
S19S_0070-U,-123.752011,39.339682,-66.45876543758473,207.125054478876,1386.3855449125233,3.39971932751037,0.2194336064802604,0.30424558011993774,0.06676170490139695
S19S_0071-M,-105.4589026,40.0128376,-244.0194258084693,184.2698509032452,1383.155619914629,2.4266375304258694,0.19522021636162223,0.21716314556057412,0.04239463626210574
S19S_0071-U,-105.4588818,40.0129961,-92.35204281769096,202.8772204998916,1385.7572866657706,2.145437339299979,0.21493334198023098,0.19199815191341166,0.04126680444477765
S19S_0072-M,-71.18851406,42.5235479,-69.775596474786,206.56562615969744,1386.3020770597816,6.841105396895397,0.21884093373985536,0.6122199745425096,0.1339787908830733
S19S_0072-U,-71.1854501,42.5233858,-100.51227535845376,201.59669669583985,1385.570394844012,8.260786770658779,0.21357672214872936,0.7392692222997991,0.1578906972842314
S19S_0073-D,-70.9164986,42.7688065,-183.2996005354917,190.32791714503128,1383.9757248572978,6.685797207794205,0.20163828744952633,0.598321230105547,0.12064446818317648
S19S_0073-M,-70.9167967,42.7694593,-178.793347700375,190.8555714812204,1384.04838792397,7.604693338700907,0.20219729801566108,0.6805545145285897,0.1376062839900408
S19S_0074-M,-119.272953,46.376303,-70.93804836557193,206.370608316741,1386.2730318831636,3.0796461183934825,0.21863432682445536,0.27560178638066746,0.060256011036954576
S19S_0074-U,-119.272955,46.376327,-66.69548157725201,207.08498323445505,1386.3795588621217,2.5215249547305483,0.21939115397396383,0.22565475227059176,0.04950665650035406
S19S_0075-D,-119.465555,46.694742,-64.63473081566886,207.434575450632,1386.431820913636,3.2424649099538385,0.21976152095340115,0.2901726650093406,0.06376878620155445
S19S_0075-M,-119.465591,46.694842,-63.674764808723744,207.59800350093204,1386.4562820396068,3.8818701601075976,0.21993466083050392,0.34739392433230476,0.07640396492260319
S19S_0076-D,-119.462605,46.679191,-87.54355359941383,203.64505323490943,1385.8699068298458,1.8732187201304218,0.21574680371542512,0.16763693155074696,0.036167132166735165
S19S_0076-M,-119.46257,46.679318,-85.71682794414518,203.9392998187067,1385.9131751159814,3.455716218458437,0.2160585361093626,0.3092568192635772,0.06681757565192621
S19S_0076-U,-119.462645,46.679398,-97.81851680881208,202.01624862464104,1385.6315006732093,1.7420071416091405,0.21402120624590548,0.1558946260896388,0.03336475592295891
S19S_0077-M,-105.223622,40.664282,-66.87189271069562,207.0551349517745,1386.3751007066646,2.5189072223502693,0.2193595319360973,0.22542048778287596,0.049448132688858414
S19S_0077-U,-105.224786,40.664703,-66.08321623370684,207.18867321144012,1386.3950509348458,3.0527674552512893,0.21950100580074033,0.27319637767696325,0.05996687968121236
S19S_0080-D,-106.681374,34.950811,-85.31966535657821,204.0034590431348,1385.9226176995169,2.067500951161716,0.2161265080408156,0.18502351685171592,0.03998848660259236
S19S_0080-M,-106.681271,34.950833,-104.21725954268382,201.02477990226632,1385.4872980595208,1.1639854889210215,0.21297081879755722,0.10416666971955653,0.022184460941588664
S19S_0080-U,-106.681382,34.950903,-141.34256376284162,195.63317682527037,1384.7152887233767,0.7696602881501845,0.20725881591663123,0.06887796265082034,0.014275564981758974
S19S_0081-U,-76.9259674,38.9603293,-94.22790208457177,202.5803338535002,1385.713853078518,10.16034364737649,0.2146188126361234,0.9092631918758167,0.19514498661411941
S19S_0082-D,-76.5465418,38.8748619,-163.8877844220737,192.67421813828213,1384.3003450424749,5.614023633565604,0.20412401902909127,0.5024067320439699,0.10255328133208687
S19S_0082-M,-76.5464751,38.8748139,-175.32158218262606,191.2691605606538,1384.105481071112,6.07235806439293,0.20263546491695297,0.5434237135540636,0.11011691684292475
S19S_0082-U,-76.5464942,38.8749661,-223.7142353712801,186.0723480838532,1383.3969096651024,3.1892855061318666,0.197129828204605,0.28541356668162754,0.05626352736721281
S19S_0083-D,-88.3227,40.31083,-129.77881604704965,197.24495867657825,1384.9439211292429,1.9649583317888037,0.20896637903776968,0.17584683615761398,0.036746076617104544
S19S_0083-M,-88.3227,40.31083,-271.0088815912606,182.23658159035213,1382.8862074007586,2.223991027612094,0.19306611859012704,0.19902803002060884,0.03842556924671823
S19S_0084-M,-71.722778,43.954722,-89.80060436763856,203.28342573200104,1385.816814058357,4.449151868799834,0.21536368624387978,0.3981607482744711,0.0857493664660116
S19S_0084-U,-71.722778,43.954722,-67.13385251697039,207.0108350001771,1386.368485200449,4.729582229051714,0.21931259942872694,0.4232568486930184,0.09282555971287723
S19S_0085-D,-115.9902503,43.6479639,-81.55934510561927,204.61417151066829,1386.0126442902726,7.044654903521355,0.21677351252615176,0.6304359011413365,0.1366618047129973
S19S_0085-M,-115.98908,43.64815,-81.83601566770844,204.5690374489496,1386.0059819612277,6.816388293397528,0.21672569634107963,0.6100080067980722,0.13220441004694625
S19S_0086-M,-111.8054,40.7799,-109.65862458325732,200.19570237392077,1385.3672474107736,5.201375738065892,0.21209247275412788,0.4654783017068927,0.09872444402240685
S19S_0086-U,-111.8054,40.7801,-219.8765188644136,186.43872547646717,1383.4462365075146,6.28997869096976,0.19751797783139155,0.5628988841198109,0.11118264931489186
S19S_0087-D,-116.7743431,43.1233451,-1147.0947723655263,311.585858478293,1405.7915343866498,7.1998907800538925,0.3301020672084503,0.6443281742266136,0.21269406227285167
S19S_0087-U,-116.7745057,43.1231912,-154.2573201366655,193.90800205462605,1384.4726086890755,8.048576445883949,0.2054311214221931,0.7202782271179,0.1479675639328193
S19S_0089-D,-80.44539,37.21008,-181.21002408629585,190.5713005215842,1384.009216563244,6.646105651418979,0.20189613405436474,0.5947691778824339,0.12008159766915617
S19S_0089-U,-80.44513,37.21014,-162.08254406116086,192.90201752172104,1384.332069741024,5.671888474496342,0.20436535555106705,0.5075851366125648,0.10373281691626374
S19S_0090-D,-75.930606,37.291383,-147.207670505053,194.8397891157732,1384.6034213348585,6.276523128374153,0.20641828058463046,0.5616947272311484,0.11594405980850667
S19S_0090-M,-75.930615,37.291374,-132.05186088959078,196.9232097322821,1384.898133972597,6.483149609163239,0.2086255099362225,0.5801860164993872,0.12104160355005025
S19S_0090-U,-75.930807,37.291396,-91.2126865649785,203.0582727131837,1385.783804591026,5.715675077193178,0.21512515334860396,0.5115036601892554,0.11003730333658579
S19S_0097-D,-111.8865,41.720847,-1243.4671341371509,338.4435276166436,1411.987291846182,5.022038357359055,0.35855577222018714,0.4494291517112376,0.16114541655008643
S19S_0097-M,-111.886477,41.720805,-134.36912817490366,196.59767031921731,1384.8518819442247,4.988854019845614,0.20828062511463488,0.44645943949529826,0.09298885114641023
S19S_0097-U,-111.88642,41.720744,-1795.180689708326,504.27080852750754,1460.6344988677022,3.5669727733652006,0.5342374558998272,0.31921332208892716,0.17053571308212057
S19S_0099-D,-84.7119066,39.2385932,-87.49859805918173,203.65227782706933,1385.8709684576231,5.72104534403225,0.21575445763405407,0.5119842527889535,0.1104628847776571
S19S_0099-M,-84.7121004,39.2386399,-111.06802257197332,199.98308510056663,1385.3365386345142,4.869898953433016,0.21186722054980386,0.4358139862380113,0.09233469794097793
S19S_0099-U,-84.7123967,39.2386771,-89.26417199650594,203.3691792616751,1385.8293957132978,4.715105046135556,0.2154545357373519,0.4219612655902643,0.09091346857689583
S19S_0100-D,-106.950961,38.92352,-134.6173683041733,196.56294485576063,1384.8469526412966,1.643141245892633,0.20824383606609526,0.1470469804757953,0.030621627296215828
S19S_0100-M,-106.950743,38.922712,-77.65463841146865,205.2545261810784,1386.107323213948,2.2499794963653006,0.21745192072311328,0.20135377399843257,0.04378476490080683
S19S_0100-U,-106.95145,38.922389,-70.59530072409547,206.4280525154718,1386.281584604963,3.0303097243569246,0.21869518468508733,0.2711866043086608,0.05930720451340428
