snd_pc_uav,snd_pc_cav,slt_pc_cav,slt_pc_uav,cly_pc_uav,cly_pc_cav,lamO2,lamO20,delGd,delGd0,delGcox0PerCmol,GFE,NOSC,delGcoxPerCmol,AI_Mod,perc_ConHC,perc_Tannin,perc_Protein,perc_Lignin,DBE,perc_Lipid,nli_ix_cav,hft_ix_c09,urb_pc_cse,ppd_pk_cav,rdd_mk_cav,nli_ix_uav,hft_ix_u09,urb_pc_use,rdd_mk_uav,ppd_pk_uav,pop_ct_csu,NPOC_Field_mg_per_L_as_C,perc_Carb,Percent_Fine_Sand,Normalized_Respiration_Rate_mg_DO_per_H_per_L_sediment
45,45,37,37,19,19,0.0518313077608875,0.0586159457096682,-2719.7571179860947,1419.0337883959046,73.99408398482956,73.99408398496512,-0.4804941749078499,-145.09483643678865,0.1875421761152824,0.0860826697004171,0.0504361016306408,0.2840348881304512,0.3124762988244217,6.757299962078119,0.1020098596890405,6300,365,100,1529.11,9656,6300,365,100,9656,1529.199,30.792,5.96,0.0364050056882821,10.7,-1575.97
45,45,37,37,19,19,0.0487958137098193,0.0549139864896161,-2790.568811055908,1487.8295548416706,76.65073039617404,76.65073039629141,-0.5737098384580083,-146.3263697757032,0.1708813557163837,0.0587425424506654,0.0422212023864157,0.3198715006883891,0.2918770078017439,6.645250114731528,0.1101422670949977,6300,365,100,1529.11,9656,6300,365,100,9656,1529.199,30.792,5.27,0.0330426801284993,7.8,-3.28
45,45,37,37,19,19,0.0492614436643339,0.0555085778755948,-2773.3498728302143,1471.3726544622425,76.07242988991122,76.07242989001448,-0.5534185926304347,-146.06368380156076,0.1750773167234935,0.062929061784897,0.0549199084668192,0.3085430968726163,0.3196033562166285,6.5137299771167045,0.1228070175438596,6300,365,100,1529.11,9656,6300,365,100,9656,1529.199,30.792,9.24,0.028604118993135,15.6,-47.48
61,61,27,27,12,11,,,,,,,,,,,,,,,,0,3,0,0.147,5,0,3,0,10,0.049,0.006,69.56,,20.1,-10.36
61,61,27,27,12,11,,,,,,,,,,,,,,,,0,3,0,0.147,5,0,3,0,10,0.049,0.006,,,22.2,-16.41
61,61,27,27,12,11,,,,,,,,,,,,,,,,0,3,0,0.147,5,0,3,0,10,0.049,0.006,,,22.2,-16.41
61,61,27,27,12,11,,,,,,,,,,,,,,,,0,3,0,0.147,5,0,3,0,10,0.049,0.006,,,22.2,-16.41
61,61,27,27,12,11,,,,,,,,,,,,,,,,0,3,0,0.147,5,0,3,0,10,0.049,0.006,,,22.2,-16.41
57,57,30,30,13,13,,,,,,,,,,,,,,,,0,0,0,0.0,0,0,0,0,0,0.0,0.0,21.39,,7.6,-7.46
57,57,30,30,13,13,,,,,,,,,,,,,,,,0,0,0,0.0,0,0,0,0,0,0.0,0.0,21.39,,7.6,-7.46
57,57,30,30,13,13,,,,,,,,,,,,,,,,0,0,0,0.0,0,0,0,0,0,0.0,0.0,21.39,,7.6,-7.46
57,57,30,30,13,13,,,,,,,,,,,,,,,,0,0,0,0.0,0,0,0,0,0,0.0,0.0,21.39,,7.6,-7.46
57,57,30,30,13,13,0.0470950996152545,0.0530598928591063,-2743.0283391707017,1490.0424287856072,79.33571907735326,79.33571907738381,-0.667919967631934,-147.86819581812205,0.139325841233883,0.0464767616191904,0.047976011994003,0.3553223388305847,0.2646176911544228,5.756371814092954,0.1649175412293853,0,0,0,0.0,0,0,0,0,0,0.0,0.0,30.38,0.0194902548725637,6.9,-10.64
57,57,30,30,13,13,,,,,,,,,,,,,,,,0,0,0,0.0,0,0,0,0,0,0.0,0.0,95.44,,9.8,-15.32
49,47,37,36,15,16,,,,,,,,,,,,,,,,2357,238,0,28.397,353,300,42,0,82,3.471,0.572,,,16.6,-37.43
49,47,37,36,15,16,0.0464736364210084,0.0524225924713549,-3031.594353149593,1619.4830307521304,76.47492977937513,76.47492977945275,-0.5675413957673212,-146.36169157261418,0.1647556092986291,0.0570581696924787,0.0485364949981474,0.3290107447202667,0.2686180066691367,7.047795479807336,0.1081882178584661,2357,238,0,28.397,353,300,42,0,82,3.471,0.572,9.27,0.0366802519451648,13.8,-35.0
49,47,37,36,15,16,0.0469492116456766,0.0530324440506215,-2967.398814615754,1566.6385506163615,75.58024382223822,75.58024382227829,-0.5361489060399701,-146.1306941267637,0.1700162243081808,0.0597683974598431,0.0672394471423235,0.3051923795293239,0.2831527829660067,7.098991408292865,0.1031004856182293,2357,238,0,28.397,353,300,42,0,82,3.471,0.572,11.85,0.0377288008965259,22.1,-22.83
48,52,30,33,19,18,0.045119950763241,0.0507942654405411,-2967.614314046441,1581.739863234111,77.33647912934981,77.33647912933186,-0.5977711975172969,-146.92017310630905,0.1633933482614642,0.0623491552695092,0.0518905872888173,0.3475462590506838,0.2530168946098149,6.915526950925181,0.1098149637972646,2810,207,0,63.86,925,1700,136,7,831,81.779,3.303,10.82,0.0273531777956556,3.3,-1.72
48,52,30,33,19,18,0.0426034508675417,0.0480123365697835,-3050.0945981683635,1677.328785046729,80.58850326000888,80.58850325989033,-0.7118773073707165,-148.5321954073838,0.1552006772909657,0.07601246105919,0.0392523364485981,0.3426791277258567,0.205607476635514,6.538317757009346,0.1881619937694704,2810,207,0,63.86,925,1700,136,7,831,81.779,3.303,20.73,0.0193146417445482,5.5,-3.09
48,52,30,33,19,18,0.0447340445477216,0.0504869289702812,-3028.154646345978,1609.2373643410851,76.60163487092959,76.60163487090338,-0.5719871884527131,-146.5581247900166,0.1823459567447028,0.0697674418604651,0.055813953488372,0.3224806201550387,0.2987080103359173,7.282687338501292,0.1167958656330749,2810,207,0,63.86,925,1700,136,7,831,81.779,3.303,15.69,0.0160206718346253,17.5,-21.96
45,48,34,35,20,19,0.0515956080313108,0.0583454189646254,-2690.0786085927275,1388.959813628422,73.17524067127285,73.1752406712551,-0.451762830576587,-144.7686655211431,0.2093750748934187,0.1054164239953407,0.0745486313337216,0.2714036109493302,0.3360512521840419,6.955736750145602,0.110658124635993,6264,385,86,820.398,5276,3800,262,20,1854,187.446,29.903,21.3,0.0122306348281887,28.9,-240.66
45,48,34,35,20,19,0.0507232235172042,0.0572027451337998,-2720.4194991560707,1437.0408775981523,75.35446878684445,75.35446878688683,-0.5282269749797922,-145.7259003659627,0.1883238628966512,0.0819861431870669,0.0531177829099307,0.3083140877598152,0.3244803695150115,6.556581986143187,0.1120092378752886,6264,385,86,820.398,5276,3800,262,20,1854,187.446,29.903,14.93,0.0184757505773672,56.1,-2420.08
45,48,34,35,20,19,0.0492396037533841,0.0555757806942807,-2811.015122090622,1458.4552064303984,73.85985520842877,73.85985520854805,-0.4757843932791378,-145.12087017068146,0.196806015044209,0.0942637924735111,0.0734380708805261,0.2831567409572524,0.3116550968213372,7.103032517354768,0.1121666057727438,6264,385,86,820.398,5276,3800,262,20,1854,187.446,29.903,21.27,0.0219218122031421,59.5,-17.53
61,61,32,32,6,6,0.0482733361878381,0.0545441183187038,-2920.2446603628086,1506.1255559606273,73.13871972019555,73.13871972026797,-0.4504813936897557,-144.8737445249107,0.191700346184105,0.0973386802770689,0.0871308786000729,0.2978490703609187,0.2566532993073277,7.381334305504922,0.0936930368209989,781,79,0,14.043,158,800,79,0,158,14.041,0.256,11.5,0.0288005833029529,6.3,-2.7
61,61,32,32,6,6,0.0511378716612196,0.0581243760092049,-2760.5762915002574,1347.6768170426064,68.84093206636913,68.84093206633082,-0.2996818268968254,-143.1461212614431,0.2393122251599832,0.1528822055137844,0.1169590643274853,0.2426900584795321,0.2769423558897243,8.11236424394319,0.0860484544695071,781,79,0,14.043,158,800,79,0,158,14.041,0.256,13.44,0.0213032581453634,3.0,-5.86
61,61,32,32,6,6,0.0486589414651041,0.0550410990881819,-2862.833586958821,1464.7803990610328,72.75785019198254,72.75785019202856,-0.4371175505985916,-144.79844512053103,0.1950200560500782,0.1083724569640062,0.0938967136150234,0.2891236306729264,0.2460876369327073,7.449921752738654,0.1017214397496087,781,79,0,14.043,158,800,79,0,158,14.041,0.256,9.45,0.0305164319248826,,-2.46
34,34,43,43,23,23,0.0529838566272114,0.0600309044454413,-2678.0256755499886,1365.5157055214725,71.92175959486289,71.92175959486094,-0.4077810384192229,-144.23070051188708,0.2026060169402863,0.085480572597137,0.0781186094069529,0.2613496932515337,0.3574642126789366,7.136196319018405,0.089161554192229,1773,172,0,96.147,476,1800,172,0,476,96.152,0.994,19.0,0.032719836400818,22.4,-2741.44
34,34,43,43,23,23,0.0507428969969416,0.0572126283957036,-2735.418914296433,1454.6722269624574,75.98429539364639,75.98429539372141,-0.5503261541651023,-146.15821512593666,0.1699011986053754,0.0648464163822525,0.0541808873720136,0.3024744027303754,0.3097269624573379,6.421928327645051,0.1134812286689419,1773,172,0,96.147,476,1800,172,0,476,96.152,0.994,19.78,0.0473549488054607,23.0,-1806.3
34,34,43,43,23,23,0.0529407601895499,0.0597912423645815,-2652.7016664761395,1377.2829383886258,73.63306236521883,73.63306236515898,-0.467826749660922,-145.05975587325926,0.1871587245385609,0.0827229642395519,0.0646273158121499,0.2921154674709177,0.3110728134424816,6.679017664799655,0.0995260663507109,1773,172,0,96.147,476,1800,172,0,476,96.152,0.994,16.73,0.0426540284360189,26.8,-1788.7
35,35,42,42,24,24,0.0527515671366152,0.0594313525853672,-2636.952415929385,1388.5425577416595,74.71835155871376,74.71835155886613,-0.5059070722365271,-145.232592090616,0.1792261425551753,0.0748502994011976,0.055175363558597,0.3199315654405474,0.2989734816082121,6.407185628742515,0.1082121471343028,2453,230,0,59.988,831,2500,230,0,830,59.976,0.891,14.07,0.0312232677502138,23.9,-1482.57
35,35,42,42,24,24,0.052496211026594,0.0592165463814258,-2672.42425073952,1388.7519491177677,73.61774310645497,73.61774310655518,-0.4672892318075503,-144.74794796987362,0.189659820056627,0.0783750512925728,0.0562166598276569,0.3011899876897825,0.3245794009027493,6.808781288469429,0.0910956093557652,2453,230,0,59.988,831,2500,230,0,830,59.976,0.891,12.25,0.0352892901107919,34.0,-2738.74
35,35,42,42,24,24,0.0535251515526781,0.0606633846977354,-2675.466556530717,1357.390212264151,71.26062699835154,71.2606269985161,-0.384583403456761,-143.90160194176315,0.2123745590664308,0.110062893081761,0.0778301886792452,0.25,0.3384433962264151,7.197327044025157,0.1010220125786163,2453,230,0,59.988,831,2500,230,0,830,59.976,0.891,9.79,0.0322327044025157,38.0,-41.92
47,48,34,34,20,19,0.0509395868296735,0.0573325206411356,-2713.354695447716,1459.88777385159,76.71962664893547,76.71962664891095,-0.5761272508424028,-146.1656652939383,0.1799341526480565,0.07773851590106,0.0586572438162544,0.3159010600706713,0.2522968197879858,6.291166077738516,0.1477031802120141,318,87,0,1.525,177,1300,123,5,581,51.802,0.029,26.63,0.0169611307420494,34.5,-12.16
47,48,34,34,20,19,,,,,,,,,,,,,,,,318,87,0,1.525,177,1300,123,5,581,51.802,0.029,12.35,,4.2,-1.38
47,48,34,34,20,19,0.0498009354170632,0.056035508956274,-2803.960135574987,1472.9579326923076,74.64704910332003,74.64704910341665,-0.5034052316967149,-145.24629759233676,0.192215243551282,0.0921474358974359,0.063301282051282,0.3112980769230769,0.266426282051282,7.008814102564102,0.1029647435897435,318,87,0,1.525,177,1300,123,5,581,51.802,0.029,10.74,0.0284455128205128,19.2,-9.4
25,25,49,49,25,25,0.0445215225924195,0.0500591594362495,-3131.3661454614103,1697.883405597162,78.20567648289823,78.2056764829531,-0.6282693502759163,-147.03029059016237,0.1506551719554592,0.0504532912889239,0.0319274733937721,0.3441072132439889,0.2479306267244777,7.033898305084746,0.1190382341348048,690,63,0,1.287,343,700,63,0,343,1.286,0.028,6.38,0.0386283011430823,18.4,-9.12
25,25,49,49,25,25,0.0510515955450222,0.0577111270233577,-2776.63057665266,1467.759025032938,75.02666571912104,75.02666571926218,-0.5167251129486166,-145.6733355645401,0.1742353768888889,0.0772946859903381,0.0562143170838823,0.3047870004391743,0.2621870882740448,6.62362758014932,0.1159420289855072,690,63,0,1.287,343,700,63,0,343,1.286,0.028,21.16,0.0531400966183574,13.9,-1752.9
25,25,49,49,25,25,0.0471091945615443,0.0528362907467938,-2796.109528024826,1520.4875776397516,79.17459269211861,79.17459269210791,-0.6622664102437889,-147.51311811179497,0.1285925766809006,0.0543478260869565,0.0217391304347826,0.4083850931677019,0.2072981366459627,5.952639751552795,0.1141304347826086,690,63,0,1.287,343,700,63,0,343,1.286,0.028,10.76,0.0380434782608695,13.6,-20.06
28,28,49,49,23,23,0.0501496275970276,0.0564938935866818,-2760.480893695743,1441.3548344947735,74.51175993987603,74.51175994000349,-0.4986582435039199,-145.2787486683928,0.1773535920918989,0.0596689895470383,0.0683797909407665,0.3066202090592334,0.3153310104529617,6.777439024390244,0.0875435540069686,0,44,0,0.863,14,0,44,0,14,0.863,0.022,7.86,0.0348432055749128,18.0,-42.8
28,28,49,49,23,23,0.0490044156165101,0.0552479825370275,-2833.182891665413,1486.23431085044,74.86645639154115,74.86645639162546,-0.511103733033096,-145.4655186269864,0.1685068350465018,0.058232090490155,0.064516129032258,0.323418516966904,0.3024717218265605,6.790950984499371,0.0858818600754084,0,44,0,0.863,14,0,44,0,14,0.863,0.022,4.84,0.0310012568077084,7.4,-3.18
28,28,49,49,23,23,0.0492630402912594,0.0557516383353126,-2827.2692624931933,1468.1838490885968,74.02385613693097,74.02385613699916,-0.4815388118172954,-145.3318210229916,0.1831985857312421,0.0801186943620178,0.0665536244171259,0.2937685459940652,0.3009749894022891,7.023738872403561,0.0936837643069097,0,44,0,0.863,14,0,44,0,14,0.863,0.022,4.33,0.0351844001695633,12.1,-13.09
43,43,38,38,19,19,0.049337731537594,0.0553126170460011,-2785.0219065159654,1490.8720985315017,76.94856537208682,76.9485653721904,-0.5841601884997633,-146.2171516943205,0.1538797067844623,0.0606347702510658,0.0464234959734722,0.3434391283751776,0.2202747513027001,6.393652297489342,0.1193747039317858,1711,111,0,21.214,342,1700,111,0,342,21.208,0.326,11.1,0.0364756039791568,10.1,-4.62
43,43,38,38,19,19,0.0467535656784124,0.0525208353406418,-2950.916972270336,1602.9975867269984,78.04745856189808,78.04745856214478,-0.6227178442770235,-146.7657492736675,0.1574464852302664,0.0623428858722976,0.0397184514831573,0.363499245852187,0.2156862745098039,6.673202614379085,0.1287078934137757,1711,111,0,21.214,342,1700,111,0,342,21.208,0.326,15.31,0.0276520864756158,8.0,-1.45
43,43,38,38,19,19,0.0471723051243511,0.0529225035838123,-2850.2053961799943,1568.4784691629957,79.87140407602352,79.87140407612226,-0.6867159324928415,-147.7432646619919,0.1578527874262114,0.0594713656387665,0.0258810572687224,0.3381057268722467,0.2428414096916299,6.186123348017621,0.1734581497797356,1711,111,0,21.214,342,1700,111,0,342,21.208,0.326,17.34,0.0209251101321585,21.3,-8.99
36,36,40,40,24,24,0.0484709468259343,0.0543134185315762,-2830.239677055188,1535.7439212328763,77.915993930985,77.91599393102011,-0.6181050502101884,-146.4988973090034,0.1605485057893835,0.0637842465753424,0.0483732876712328,0.355736301369863,0.2059075342465753,6.452910958904109,0.1335616438356164,3434,215,0,1.882,437,3400,215,0,437,1.883,0.002,9.92,0.0273972602739726,9.1,-4.6
36,36,40,40,24,24,0.0499554909745494,0.0561276192856006,-2750.005094227949,1457.146660922016,75.54271551407133,75.54271551401507,-0.5348321233033175,-145.57351686954084,0.1774095965713054,0.0874623007324429,0.0573028866867729,0.3451098664368806,0.2395519172770357,6.535975872468764,0.1085738905644118,3434,215,0,1.882,437,3400,215,0,437,1.883,0.002,13.1,0.0271434726411029,11.7,-36.16
36,36,40,40,24,24,0.0503731084226676,0.0565628911109311,-2769.898927777376,1480.802166064982,76.27609146852572,76.27609146855556,-0.5605646129334135,-145.8441534619936,0.1605259386674689,0.0597673485760128,0.0541516245487364,0.349779382270357,0.2426795026073004,6.397111913357401,0.116325711993582,3434,215,0,1.882,437,3400,215,0,437,1.883,0.002,8.67,0.0328920978740473,4.9,-11.18
41,46,36,37,22,18,0.0480454789782019,0.0544599710781155,-2874.487028327134,1461.269533914361,72.37205805442544,72.37205805447819,-0.4235809843671845,-144.8370954785727,0.2042312700359984,0.1030693444486547,0.0863963622584312,0.2728306176582039,0.3323228495642288,7.508147025388404,0.0716180371352785,535,53,0,1.041,53,1000,91,2,365,29.781,0.002,5.49,0.0299355816597195,38.3,-4.81
41,46,36,37,22,18,0.0506781040540695,0.0575511380359269,-2782.6866421718423,1397.9396140749147,71.07276926960076,71.07276926958683,-0.3779919041990163,-144.28594257794776,0.2143976637014755,0.1074536511539916,0.0964812712826333,0.2444192205826712,0.3511161558834658,7.580401059402194,0.0764283011729095,535,53,0,1.041,53,1000,91,2,365,29.781,0.002,7.87,0.0268634127884979,70.1,-1388.85
41,46,36,37,22,18,0.0465639800997651,0.0526188289509685,-3003.1549998799173,1595.0258186397984,76.02318462893186,76.02318462891185,-0.5516906887380353,-146.5105039926698,0.1784679985201511,0.0688497061293031,0.0642317380352644,0.253568429890848,0.290512174643157,7.248110831234257,0.1368597816960537,535,53,0,1.041,53,1000,91,2,365,29.781,0.002,4.94,0.0419815281276238,38.5,-12.94
41,44,37,37,22,19,0.0505089418191339,0.0571213870176865,-2752.4587116235534,1449.621232604374,75.32751045240775,75.32751045245647,-0.5272810685029821,-146.20630546156724,0.1674982171037773,0.0624254473161033,0.0632206759443339,0.2882703777335984,0.3065606361829026,6.41948310139165,0.0914512922465208,750,74,0,3.87,535,1400,113,4,614,55.96,0.042,8.83,0.0576540755467196,79.8,-2505.5
41,44,37,37,22,19,0.0494684709354741,0.0558438170585329,-2775.702299578835,1452.434425531915,74.67989724886121,74.67989724884595,-0.5045577982089362,-145.47910487840636,0.191387125767234,0.0880851063829787,0.0748936170212766,0.2825531914893617,0.3021276595744681,6.816595744680851,0.1251063829787234,750,74,0,3.87,535,1400,113,4,614,55.96,0.042,10.96,0.0263829787234042,89.1,-23.78
41,44,37,37,22,19,0.0510646738653092,0.0577445322461811,-2702.719947482943,1378.8083832335328,72.64045769076588,72.64045769064192,-0.4329985154682634,-144.5526189098789,0.1999360925325349,0.097005988023952,0.0946107784431137,0.27624750499002,0.311377245508982,7.053892215568863,0.0978043912175648,750,74,0,3.87,535,1400,113,4,614,55.96,0.042,9.95,0.022754491017964,60.4,-35.1
48,48,32,32,19,19,0.0483092700626967,0.0546236752119902,-2881.132500293449,1462.3495166487648,72.24130814939814,72.24130814948371,-0.4189932684024346,-144.52465797900882,0.2123819965141424,0.1160042964554242,0.0805585392051557,0.2742570712495524,0.3082706766917293,7.725742928750447,0.079126387397064,9,37,0,0.033,0,0,37,0,0,0.033,0.001,5.99,0.0264948084496956,4.8,-0.77
48,48,32,32,19,19,0.0486692158715443,0.0550584053752913,-2885.0804396498525,1443.0600650524032,70.81958385746078,70.81958385746115,-0.3691082055265631,-143.80384865106453,0.2296070870766172,0.1272135887242501,0.090350560173473,0.2703288760390314,0.3198409830140947,8.135164438019515,0.0719190458980845,9,37,0,0.033,0,0,37,0,0,0.033,0.001,4.65,0.0184315142753885,6.6,-0.87
48,48,32,32,19,19,0.0491676990165326,0.055598694905863,-2843.8721000702,1421.8525881470368,71.09543112288429,71.09543112294936,-0.3787870569422356,-144.05264763839165,0.2135642952269317,0.1117779444861215,0.0903975993998499,0.2651912978244561,0.3240810202550637,7.818454613653413,0.0611402850712678,9,37,0,0.033,0,0,37,0,0,0.033,0.001,5.05,0.0315078769692423,14.0,-0.37
41,47,34,38,21,18,0.0471047017405686,0.0529213157149882,-2865.0656405453938,1588.7125925925925,80.28263223992104,80.28263223998123,-0.701144990871605,-147.8878158563713,0.1570291587575308,0.0720987654320987,0.022716049382716,0.3417283950617284,0.2281481481481481,6.003950617283951,0.1846913580246913,68,30,0,0.121,137,0,28,0,68,0.392,0.005,25.55,0.0276543209876543,14.5,-33.5
41,47,34,38,21,18,0.0480256302477204,0.0540673532965196,-2844.1942242572823,1527.8267067410904,77.38110389788532,77.38110389810647,-0.5993369788699011,-146.66654421450633,0.1723921201683126,0.064405324173465,0.0390725633319021,0.3168741949334478,0.279089738085015,6.617003005581795,0.1240875912408759,68,30,0,0.121,137,0,28,0,68,0.392,0.005,11.01,0.034349506225848,16.5,-22.89
41,47,34,38,21,18,0.0474584872037874,0.0533802034602928,-2894.8514740585083,1596.5146395156855,79.38749420876466,79.38749420873748,-0.66973663890754,-147.3946715634162,0.1683008584347826,0.0643918547055586,0.0242157402311502,0.329664281783159,0.2438084755090809,6.327462850853054,0.174463401210787,68,30,0,0.121,137,0,28,0,68,0.392,0.005,26.33,0.0236653824986241,13.2,-79.59
27,28,45,46,28,27,0.0439379940426812,0.0494774164017457,-2985.099158935003,1665.6535908267956,81.53521908253794,81.53521908248582,-0.7450954064025346,-148.80872235639578,0.1601668342558841,0.076041038020519,0.0235365117682558,0.3204586602293301,0.2190706095353047,6.187085093542547,0.2287266143633071,202,75,0,3.523,85,200,69,0,67,4.286,0.117,45.55,0.0289680144840072,28.0,-1918.37
27,28,45,46,28,27,0.0503128781598195,0.0564435923567268,-2725.6567696221528,1500.2369078604893,79.1190859774565,79.11908597757574,-0.6603188062264445,-147.1034794794181,0.1644488609000521,0.0791254554919312,0.0249869859448204,0.3435710567412806,0.2217595002602811,6.0333159812597605,0.1759500260281103,202,75,0,3.523,85,200,69,0,67,4.286,0.117,32.18,0.0301926080166579,18.7,-1739.12
27,28,45,46,28,27,,,,,,,,,,,,,,,,202,75,0,3.523,85,200,69,0,67,4.286,0.117,51.83,,34.4,-1841.16
43,43,37,37,20,20,0.0471878759653249,0.0530417775609268,-2844.9699798853417,1549.098453139217,79.01726172928686,79.0172617294595,-0.6567460255873521,-147.49241559471855,0.1777830788648771,0.0727934485896269,0.0268425841674249,0.3348498635122839,0.2738853503184713,6.510464058234759,0.1464968152866242,2464,64,0,2.443,313,1500,99,0,242,8.242,0.033,17.98,0.0250227479526842,16.5,-47.08
43,43,37,37,20,20,0.0481052942958168,0.0541557618455803,-2872.323592118896,1541.7751734772553,77.01910920161953,77.01910920161757,-0.5866354105809559,-146.43819556663925,0.1620731780285273,0.0555127216653816,0.0481881264456437,0.3508095605242868,0.2617579028527371,6.568619892058597,0.1125674633770239,2464,64,0,2.443,313,1500,99,0,242,8.242,0.033,8.99,0.0327679259830377,13.1,-61.3
43,43,37,37,20,20,0.047543623241593,0.05358259186002,-2862.528895118507,1548.3154711673697,78.05972392436342,78.05972392456917,-0.6231482078710735,-147.02890683108268,0.1674965428574777,0.0707923112986404,0.037037037037037,0.3300515705578997,0.2414439756211908,6.559306141584623,0.154242850445382,2464,64,0,2.443,313,1500,99,0,242,8.242,0.033,11.06,0.0295358649789029,14.5,-24.29
57,57,34,34,10,10,,,,,,,,,,,,,,,,507,45,0,0.117,68,500,45,0,68,0.117,0.004,33.13,,8.1,-17.98
57,57,34,34,10,10,0.049102140773833,0.0553734473912844,-2812.6623961487794,1447.3787260616157,73.33271090369455,73.33271090373395,-0.4572881018867609,-144.89855091999814,0.2132772881935886,0.1215653621981681,0.078684429641965,0.302248126561199,0.2697751873438801,7.402997502081599,0.0920066611157368,507,45,0,0.117,68,500,45,0,68,0.117,0.004,11.73,0.0179017485428809,5.4,-3.11
57,57,34,34,10,10,0.0497328249415739,0.0560625748500301,-2777.7089223703297,1429.8391999999997,73.40493890872439,73.40493890879468,-0.4598224178542222,-144.84752084583573,0.2077951241906666,0.1075555555555555,0.084,0.2884444444444444,0.2764444444444444,7.310666666666667,0.1084444444444444,507,45,0,0.117,68,500,45,0,68,0.117,0.004,9.26,0.0168888888888888,3.8,-5.64
55,55,35,35,10,10,0.0470340613420134,0.0529512502342089,-2977.966318979643,1596.276477541371,76.7113965546861,76.71139655479749,-0.575838475603231,-146.3286153882034,0.1679314549806934,0.0638297872340425,0.0547675334909377,0.3274231678486997,0.2375886524822695,6.975965327029157,0.1158392434988179,63,30,0,0.028,0,100,30,0,0,0.028,0.002,10.47,0.032702915681639,10.4,-1.25
55,55,35,35,10,10,0.0481604496366952,0.054384066671941,-2904.103224138345,1520.4995428571428,74.72540689952858,74.7254068995581,-0.5061546280567619,-145.55117058504035,0.1800959016647619,0.0815238095238095,0.0735238095238095,0.3112380952380952,0.2468571428571428,7.193904761904762,0.1081904761904761,63,30,0,0.028,0,100,30,0,0,0.028,0.002,15.12,0.0331428571428571,14.1,-2.74
55,55,35,35,10,10,0.0481900555068348,0.0542328606436357,-2829.130291492389,1521.2418685121108,77.27526678915982,77.275266789189,-0.5956233961098615,-146.46059992030112,0.1599308001137543,0.0653114186851211,0.0488754325259515,0.3304498269896194,0.2413494809688581,6.434688581314879,0.1461937716262975,63,30,0,0.028,0,100,30,0,0,0.028,0.002,13.41,0.0358996539792387,7.2,-6.06
45,46,33,33,22,20,0.0465276918719571,0.0521947639254472,-2916.3055889606853,1599.7251810584958,79.3029523022578,79.30295230225514,-0.6667702562239554,-147.24648248448892,0.1643483687849582,0.0685236768802228,0.015041782729805,0.3543175487465181,0.2406685236768802,6.58941504178273,0.1476323119777158,445,67,0,0.161,29,200,43,0,89,0.154,0.002,11.39,0.0256267409470752,1.5,-9.45
45,46,33,33,22,20,,,,,,,,,,,,,,,,445,67,0,0.161,29,200,43,0,89,0.154,0.002,39.33,,3.2,-33.33
45,46,33,33,22,20,,,,,,,,,,,,,,,,445,67,0,0.161,29,200,43,0,89,0.154,0.002,22.0,,3.9,-16.54
36,36,43,43,22,22,0.0516355812699398,0.0583615506541137,-2711.211793084874,1436.8893203883492,75.35394700387293,75.35394700401844,-0.5282086668116505,-145.77718031829738,0.1837156283771844,0.0742718446601941,0.053883495145631,0.3174757281553398,0.3029126213592233,6.446601941747573,0.1179611650485436,4370,241,33,754.728,3924,4400,241,33,3926,755.148,26.326,14.91,0.0194174757281553,32.4,-79.25
36,36,43,43,22,22,0.0510958426404806,0.057751192237701,-2741.9597702779965,1465.7837390904915,75.88096212681002,75.88096212705742,-0.5467004255094167,-146.07356083092583,0.190362249480937,0.0923288929719797,0.0537436839687643,0.2815801561782269,0.2857142857142857,6.433624253559945,0.1603123564538355,4370,241,33,754.728,3924,4400,241,33,3926,755.148,26.326,31.55,0.024345429490124,52.9,-110.45
36,36,43,43,22,22,0.049153356818947,0.0552336174731275,-2831.203514216251,1528.2852331606218,77.1572019899308,77.15720199003022,-0.5914807715794472,-146.2757635318209,0.166077207552677,0.059153713298791,0.0397236614853195,0.3493091537132988,0.266839378238342,6.44300518134715,0.121761658031088,4370,241,33,754.728,3924,4400,241,33,3926,755.148,26.326,10.93,0.0280656303972366,38.7,-10.71
31,31,48,48,20,20,0.0459006369512408,0.0516644099861662,-3037.403292393691,1633.252438548576,77.3979690920016,77.39796909214827,-0.5999287400678891,-146.6788843751285,0.1653138897936013,0.0581349980491611,0.0319937573156457,0.3371049551307062,0.258291065158018,7.064767850175575,0.1033944596176355,290,42,0,6.006,27,300,42,0,26,6.005,0.056,6.84,0.0452594615684744,0.0,-9.01
51,51,39,39,10,10,0.047219782318988,0.0532078660889731,-2857.482572843712,1533.0652784277029,77.47975529594538,77.47975529609032,-0.602798431431446,-146.822169471238,0.1600502600954609,0.0542817033224146,0.0552175947590079,0.3364529714553111,0.2573701450631727,6.438933083762284,0.117454375292466,0,13,0,0.001,20,0,13,0,20,0.001,0.0,6.34,0.0294805802526906,12.9,-1.84
51,51,39,39,10,10,0.046868934308794,0.0526828392716752,-2930.6077596797995,1573.792778457772,77.44510328105419,77.44510328109547,-0.6015825712615259,-146.72440879972095,0.1611539067649938,0.0509995920032639,0.0473276213790289,0.3439412484700122,0.2766217870257038,6.6731946144430845,0.0966952264381885,0,13,0,0.001,20,0,13,0,20,0.001,0.0,4.63,0.0363117095063239,15.9,-1.15
51,51,39,39,10,10,0.0475546568932279,0.0533517035444345,-2872.421414154118,1534.0087581699347,76.99773333329428,76.9977333331756,-0.5858853801141611,-146.35227858579196,0.1662728278596949,0.0557734204793028,0.0514161220043573,0.3485838779956427,0.2736383442265795,6.742919389978214,0.0906318082788671,0,13,0,0.001,20,0,13,0,20,0.001,0.0,6.42,0.0283224400871459,15.8,-1.29
56,54,31,30,15,15,0.0511064141668519,0.057588284901875,-2699.581195653544,1436.6855403348554,76.25896178081479,76.25896178085692,-0.5599635712582446,-146.3175175740553,0.1832980220771182,0.0776255707762557,0.0568239472349061,0.3069507864028412,0.2754946727549467,6.482496194824962,0.1273465246067985,0,13,0,0.0,0,0,25,0,0,0.0,0.0,34.48,0.0355149670218163,8.8,-15.13
57,57,30,30,13,13,0.0486546737633734,0.054927271199815,-2871.841129840904,1503.7138170590506,74.6497523873518,74.64975238745889,-0.5035000837680432,-145.43154598527587,0.1968793248390582,0.0837514473176379,0.0702431493631802,0.3060594365109996,0.2859899652643767,7.280200694712466,0.1080663836356619,0,0,0,0.0,0,0,0,0,0,0.0,0.0,14.81,0.0219992280972597,7.6,-3.73
57,57,30,30,13,13,0.0486496028465596,0.0548656675135438,-2871.399131415525,1517.002063375092,75.30521890453127,75.30521890449445,-0.5264989089329403,-145.583023163949,0.1911574823599852,0.0865880619012527,0.0655858511422255,0.3091378039793662,0.2689756816507,7.121591746499632,0.1293294030950626,0,0,0,0.0,0,0,0,0,0,0.0,0.0,22.13,0.0206337509211495,4.3,-46.77
57,57,30,30,13,13,,,,,,,,,,,,,,,,0,6,0,0.03,0,0,5,0,23,0.1,0.002,12.85,,9.1,-2.08
57,57,30,30,13,13,0.042007569683078,0.0472050528527054,-3255.439134320534,1749.7496216897855,77.68834204957533,77.68834204956022,-0.6101172648956494,-146.89985045147236,0.1749005550104035,0.0532786885245901,0.0498108448928121,0.3379571248423707,0.2717528373266078,7.708701134930643,0.0970996216897856,0,6,0,0.03,0,0,5,0,23,0.1,0.002,5.22,0.0267969735182849,14.3,-1.77
57,57,30,30,13,13,0.0425394349662631,0.0476453770833372,-3136.407660913061,1707.7679012345675,79.19669106763439,79.19669106764124,-0.6630417918432473,-147.43622810336515,0.1617716159625888,0.0531238309016086,0.040778151889263,0.3535353535353535,0.2442947998503554,7.086793864571642,0.11672278338945,0,6,0,0.03,0,0,5,0,23,0.1,0.002,8.31,0.0303030303030303,20.5,-3.94
55,55,35,35,10,10,0.0496503371548241,0.0560370932370304,-2784.7431408153275,1460.5977080820264,74.79767393509168,74.79767393522918,-0.5086903135142742,-145.63040900196802,0.2213844457422597,0.1431443506232408,0.0402090872537193,0.2899075190993164,0.2778447929232006,7.168878166465621,0.1174105347808604,53,23,0,0.0,2,100,23,0,2,0.0,0.0,16.35,0.0213108162444712,13.7,-115.73
55,55,35,35,10,10,0.0479194589262983,0.054128132639463,-2901.096507147613,1559.7384210526318,77.07775355603437,77.07775355603627,-0.5886931072280701,-146.76556743926207,0.1935014446064327,0.1116959064327485,0.0292397660818713,0.3350877192982456,0.2175438596491228,7.07485380116959,0.1485380116959064,53,23,0,0.0,2,100,23,0,2,0.0,0.0,23.8,0.0210526315789473,5.2,-8.0
55,55,35,35,10,10,0.0491288200147023,0.0555349762248049,-2818.681292050549,1493.0026987951808,75.87889099036323,75.87889099024433,-0.546627754045783,-146.22667099881394,0.2021654558086746,0.1113253012048192,0.0366265060240963,0.3243373493975903,0.2665060240963855,7.031807228915663,0.1137349397590361,53,23,0,0.0,2,100,23,0,2,0.0,0.0,15.26,0.0236144578313253,12.9,-27.46
52,52,33,33,15,15,,,,,,,,,,,,,,,,544,57,0,0.673,15,500,57,0,15,0.672,0.022,23.76,,11.6,-12.66
52,52,33,33,15,15,0.0457428112106833,0.051802557412533,-3040.575172749378,1562.0958651026392,73.32943842840665,73.32943842846686,-0.4571732781891496,-145.20288897667194,0.1975076037002932,0.089149560117302,0.0850439882697947,0.2689149560117302,0.3296187683284457,7.813782991202346,0.0923753665689149,544,57,0,0.673,15,500,57,0,15,0.672,0.022,7.76,0.0278592375366568,13.2,-7.65
50,50,33,33,17,17,0.0485097645190995,0.0549542954382441,-2889.492844915441,1477.546632124352,72.66806618038791,72.66806618034875,-0.4339672343965723,-144.79823501764076,0.2029806668238341,0.0964527700278995,0.0801115982463132,0.260263053009167,0.3172578716620167,7.734954165005979,0.0976484655241131,1152,87,1,4.513,1250,1200,87,1,1250,4.515,0.159,9.27,0.0286966919091271,12.6,-11.52
48,57,31,39,12,12,0.0501599707826383,0.0564597379020395,-2765.480292573546,1466.1196039603958,76.55846814501096,76.55846814481782,-0.5704725664930693,-146.3312485628551,0.1655548004224422,0.0871287128712871,0.0534653465346534,0.3425742574257426,0.2151815181518152,6.7287128712871285,0.128052805280528,3297,151,0,3.373,308,300,35,0,91,7.938,0.059,19.87,0.031023102310231,23.6,-41.22
48,57,31,39,12,12,0.048542104554928,0.0543740100500584,-2800.029034733676,1525.3392432908051,78.46313380244877,78.46313380269555,-0.6373029404324679,-146.9547538282433,0.1509903620365156,0.0585129784425868,0.0351957765068191,0.365156181258249,0.2292124945006599,6.160140783106027,0.1346238451385833,3297,151,0,3.373,308,300,35,0,91,7.938,0.059,13.93,0.0325560932688077,16.4,-4.84
48,57,31,39,12,12,0.0501211340129749,0.0561804489016949,-2743.436425744788,1492.311598075895,78.04716377874635,78.04716377871138,-0.6227075010106895,-146.72533148619763,0.1546427561341528,0.0539818278995189,0.0368786745056119,0.3554249064671299,0.2431854623196152,6.106894708711919,0.1309460181721004,3297,151,0,3.373,308,300,35,0,91,7.938,0.059,16.05,0.0299305184393372,6.2,-16.74
45,45,36,36,19,19,0.0417839273389692,0.0468037344108493,-3355.429103728464,1838.380081716037,79.28080917026581,79.28080917028976,-0.6659933042182499,-147.47591205727434,0.1617853333139257,0.0469867211440245,0.0449438202247191,0.3210759278175008,0.2679605039155601,7.435478379298604,0.1109976166155941,3110,243,0,34.917,808,3100,244,0,808,34.921,0.59,16.06,0.0262172284644194,2.4,-7.5
45,45,36,36,19,19,,,,,,,,,,,,,,,,3110,243,0,34.917,808,3100,244,0,808,34.921,0.59,41.86,,13.2,-14.69
45,45,36,36,19,19,0.0491400412835993,0.0553841149553398,-2816.9506788661006,1508.8930152484013,76.53661657045144,76.53661657042795,-0.5697058445769798,-146.25830672318145,0.1741225317191342,0.0836202656173143,0.057550418101328,0.3197245450073782,0.235120511559272,6.626168224299065,0.1406787998032464,3110,243,0,34.917,808,3100,244,0,808,34.921,0.59,21.11,0.0309886866699458,4.0,-14.12
45,45,36,36,19,19,0.0491002331943127,0.0554798528387342,-2821.133628608275,1491.6107092531706,75.14485937833489,75.14485937850492,-0.520872258893847,-145.63873236064816,0.1977068824100516,0.1070925317050258,0.0662282761860028,0.3048379520901831,0.244246124941287,6.974166275246595,0.1479567872240488,3110,243,0,34.917,808,3100,244,0,808,34.921,0.59,17.0,0.018788163457022,12.5,-7.06
45,45,36,36,19,19,0.0478471547055873,0.0540172115899906,-2907.1775688464227,1543.4356247097076,75.7971703083467,75.79717030833166,-0.5437603616980956,-146.0959751644007,0.1838894915573618,0.0868555503947979,0.0571295866233163,0.3032977241058987,0.2508128193218764,7.039479795633999,0.1430562006502554,3110,243,0,34.917,808,3100,244,0,808,34.921,0.59,8.56,0.0274036228518346,48.3,-3.59
45,45,36,36,19,19,0.0454827053312548,0.0512882656582573,-3005.296766679057,1555.6384255650817,74.13038561311329,74.13038561312081,-0.4852766881812159,-145.39190887424186,0.1906473512147311,0.0939204988308651,0.0779423226812159,0.3211223694466095,0.2657833203429462,7.66601714731099,0.0896336710833982,3110,243,0,34.917,808,3100,244,0,808,34.921,0.59,10.02,0.0222135619641465,20.9,-10.78
37,37,40,40,24,24,0.0522509107116384,0.0590360346893707,-2678.6696579708496,1404.2294701986757,74.64834948156296,74.64834948149256,-0.5034508590012418,-145.53608719294533,0.1784987142814569,0.0786423841059602,0.0558774834437086,0.2876655629139072,0.2893211920529801,6.466887417218543,0.1059602649006622,2776,221,8,106.758,477,4800,286,39,1047,304.801,1.543,16.43,0.0463576158940397,32.2,-1671.03
37,37,40,40,24,24,0.0494549201422516,0.0557258205243305,-2763.273219966349,1456.4911559348334,75.52228462404095,75.52228462416448,-0.5341152499674168,-145.77983546211263,0.1879071880434445,0.0930954228083785,0.0504266873545384,0.3013964313421257,0.2940263770364624,6.655934833204034,0.1280062063615205,2776,221,8,106.758,477,4800,286,39,1047,304.801,1.543,12.78,0.0244375484871993,4.4,-11.12
37,37,40,40,24,24,0.0492204519050379,0.0554921503070321,-2849.3122526335537,1515.1386533665834,76.06597361824639,76.06597361829965,-0.5531920567822112,-146.16528412570804,0.1812419313075644,0.0764754779717373,0.0423940149625935,0.300498753117207,0.2921862011637572,6.806317539484621,0.100166251039069,2776,221,8,106.758,477,4800,286,39,1047,304.801,1.543,12.11,0.0390689941812136,52.6,-1694.52
25,25,49,49,25,25,,,,,,,,,,,,,,,,690,63,0,1.287,343,700,63,0,343,1.286,0.028,,,,-26.93
25,25,49,49,25,25,0.044751335373407,0.0504881798778394,-2960.2103854510306,1619.2424816625914,79.75418317584526,79.75418317589791,-0.6826029184523227,-148.24531660721024,0.1520496272457212,0.0519559902200489,0.0360635696821515,0.3178484107579462,0.3068459657701711,6.3557457212713935,0.1509779951100244,690,63,0,1.287,343,700,63,0,343,1.286,0.028,18.92,0.0256723716381418,14.1,-60.88
25,25,49,49,25,25,0.0509565146435202,0.0576531378626976,-2769.873837935211,1485.5000000000002,76.0942877770015,76.09428777715037,-0.5541855360366849,-146.1514647935241,0.176026493584692,0.0760869565217391,0.046195652173913,0.2939311594202898,0.2934782608695652,6.2794384057971016,0.1431159420289855,690,63,0,1.287,343,700,63,0,343,1.286,0.028,24.52,0.0398550724637681,14.1,-1890.34
42,47,37,39,19,16,0.047994632273885,0.0541211274963384,-2829.090156970218,1501.707217847769,76.46182946911277,76.46182946927296,-0.5670817357585302,-146.41931198106718,0.1676811108167104,0.0599300087489063,0.0516185476815398,0.31583552055993,0.3048993875765529,6.599737532808399,0.1089238845144357,4621,298,21,523.931,2054,0,32,0,44,1.356,1.533,9.88,0.0314960629921259,10.0,-4.81
42,47,37,39,19,16,0.0453745386439878,0.0511426307193969,-2976.075075184688,1627.936813186813,79.18870596234335,79.18870596243256,-0.6627616127112888,-147.5712282860418,0.1688243489250749,0.0674325674325674,0.0244755244755244,0.3276723276723277,0.2662337662337662,6.615384615384615,0.1678321678321678,4621,298,21,523.931,2054,0,32,0,44,1.356,1.533,18.17,0.0219780219780219,19.3,-88.82
42,47,37,39,19,16,0.047418349267586,0.0534889623912425,-2864.5646909710704,1520.4713147410357,76.46958689882857,76.4695868989429,-0.567353926272687,-146.4506367993384,0.1730318428078796,0.0641876936697653,0.0513501549358123,0.3058875608676406,0.3178397521027003,6.714475431606906,0.113767153607791,4621,298,21,523.931,2054,0,32,0,44,1.356,1.533,11.62,0.0314298362107127,13.7,-48.64
49,54,29,27,24,18,0.0500576770444728,0.0565928484921768,-2801.62635078154,1457.9925031236985,73.52340075426436,73.52340075444357,-0.4639789738384007,-144.8624232784639,0.1997802670212411,0.083298625572678,0.0745522698875468,0.2453144523115368,0.3710953769262807,7.052478134110787,0.1266139108704706,27,6,0,0.0,0,1300,59,1,342,16.996,0.0,31.73,0.0162432319866722,30.0,-19.26
49,54,29,27,24,18,0.0497182618309332,0.0561017023662222,-2786.0528323093813,1480.155198237885,75.3412598619925,75.34125986208764,-0.5277635039303964,-145.6310398756189,0.1936021324361233,0.0894273127753303,0.0669603524229074,0.2533039647577093,0.3255506607929515,6.644052863436124,0.1713656387665198,27,6,0,0.0,0,1300,59,1,342,16.996,0.0,22.0,0.0180616740088105,26.3,-31.19
49,54,29,27,24,18,0.051316872309845,0.0580161215410362,-2729.5523301642525,1411.7947688564475,72.99321007413064,72.99321007422506,-0.4453757920746147,-144.63938648167897,0.2040677338284671,0.0957015409570154,0.0697485806974858,0.2522303325223033,0.3532035685320356,7.008515815085159,0.1253041362530413,27,6,0,0.0,0,1300,59,1,342,16.996,0.0,22.0,0.0178426601784266,0.0,-50.32
36,36,46,46,18,18,0.0540720035623144,0.0612336307847318,-2576.261973667172,1315.157532861476,72.53748002705332,72.53748002705662,-0.4293852641061678,-144.71383408856502,0.2033754815965621,0.1006066734074823,0.0662285136501516,0.2674418604651162,0.3407482305358948,6.729524772497472,0.1026289180990899,4615,278,0,31.533,3082,4600,278,0,3081,31.535,0.448,21.79,0.0298281092012133,14.0,-19.4
36,36,46,46,18,18,0.0505440557430307,0.0569546777862458,-2723.092314915914,1429.585337594886,74.94852970416547,74.94852970426606,-0.5139834983915302,-145.4861708965398,0.1854763145141829,0.079504594486616,0.0499400719137035,0.3128246104674391,0.3208150219736316,6.662405113863364,0.0978825409508589,4615,278,0,31.533,3082,4600,278,0,3081,31.535,0.448,9.84,0.023571713943268,39.6,-29.33
50,46,35,33,17,19,0.0478212137744091,0.0540734386828215,-2884.0258793718544,1519.3042743071865,75.27450445344581,75.27450445348943,-0.5254212088961955,-145.82471249112135,0.2047470760028182,0.0972287458900892,0.0474401127289807,0.2649131047440112,0.3428839830906529,7.1770784405824335,0.1305777360263034,547,93,0,2.632,228,200,46,0,95,1.685,0.008,24.32,0.0197275716298731,12.2,-1011.81
50,46,35,33,17,19,0.0463603623635961,0.0528734927786126,-3067.227963956445,1468.014918625678,67.64000086167196,67.64000086171458,-0.2575438898863773,-142.9294480804329,0.2644350964789029,0.1576250753465943,0.1054852320675105,0.1871609403254973,0.4213381555153707,9.58860759493671,0.0455093429776974,547,93,0,2.632,228,200,46,0,95,1.685,0.008,17.05,0.0159734779987944,71.8,-2785.54
50,46,35,33,17,19,0.0494405378249116,0.0559536329401228,-2841.907594136349,1434.4087394281112,71.68333630421029,71.68333630429359,-0.3994153089267016,-144.28478309412563,0.236094469203383,0.1256544502617801,0.0648409182440596,0.2303664921465968,0.3971002819170358,8.033830044301249,0.0869915424889246,547,93,0,2.632,228,200,46,0,95,1.685,0.008,21.03,0.0173177607732581,27.3,-1906.69
42,42,42,42,16,16,0.0470358811676275,0.0532624013199964,-2867.545936323869,1468.9913677130046,73.56715278102914,73.56715278104541,-0.4655141326687219,-145.50720597502527,0.2105998536664798,0.1065022421524663,0.0723094170403587,0.2556053811659193,0.3615470852017937,7.5358744394618835,0.1020179372197309,0,14,0,0.0,79,0,11,0,52,0.0,0.0,26.9,0.0213004484304932,42.7,-33.64
42,42,42,42,16,16,,,,,,,,,,,,,,,,0,14,0,0.0,79,0,11,0,52,0.0,0.0,70.18,,45.7,-1175.43
42,42,42,42,16,16,,,,,,,,,,,,,,,,0,14,0,0.0,79,0,11,0,52,0.0,0.0,37.71,,,-2727.43
41,41,43,43,16,16,0.0456013543504527,0.0516377167114959,-2960.9498326661687,1538.571200473093,74.50823528549839,74.5082352855281,-0.4985345714246008,-145.86954615251713,0.1968463748089888,0.0981667652276759,0.0898876404494382,0.2915434654050857,0.3015966883500887,7.395623891188646,0.1159077468953282,0,28,0,0.005,76,0,28,0,76,0.005,0.001,12.52,0.013010053222945,4.9,-2.85
41,41,43,43,16,16,0.0455523814279751,0.0516177850261793,-2946.0626046208345,1534.201388888889,74.77869853449718,74.77869853457638,-0.5080245099878473,-145.95412824534606,0.2099918084751157,0.1064814814814814,0.0850694444444444,0.255787037037037,0.3078703703703703,7.5248842592592595,0.1475694444444444,0,28,0,0.005,76,0,28,0,76,0.005,0.001,28.03,0.0092592592592592,7.8,-8.26
40,40,44,44,16,16,0.0466048784218123,0.0529506758809813,-2980.6745942290195,1440.9548352816153,68.62191244065197,68.62191244063479,-0.2919969277414098,-143.148664154138,0.2499909672582358,0.1512575274530641,0.1289408430747431,0.2097059865391427,0.3524619199433227,9.015586255756288,0.0782855118668083,15,25,0,0.0,104,0,25,0,103,0.0,0.0,17.69,0.0099185263903648,8.7,-5.69
47,47,41,41,12,12,,,,,,,,,,,,,,,,15,16,0,1.156,1,0,16,0,1,1.156,0.038,31.52,,29.4,-3.14
47,47,41,41,12,12,0.0445236047842702,0.0503901409162294,-2972.062589124391,1584.006541490006,76.81519507858923,76.81519507841249,-0.5794805290745003,-146.83862578985844,0.1917294035293761,0.082374318594791,0.0872198667474258,0.2465172622652937,0.3301029678982435,6.982434887946699,0.1792852816474863,15,16,0,1.156,1,0,16,0,1,1.156,0.038,30.18,0.0139309509388249,62.3,-47.19
44,44,43,43,13,13,0.0455630402635167,0.0517674773293537,-2953.447089515684,1515.6836964160227,73.64679649398015,73.64679649403232,-0.4683086489121574,-145.69532922317924,0.2107043332691497,0.1018973998594518,0.1018973998594518,0.2529866479269149,0.3408292340126493,7.710470836261419,0.1089248067463106,6279,357,15,210.244,2903,6300,357,15,2902,210.315,2.209,15.72,0.0105411103302881,30.1,-2.21
42,44,39,40,18,18,0.0522988331527831,0.0588762820504973,-2661.7249380082853,1417.07533557047,75.68653470898175,75.68653470905089,-0.539878410840604,-145.62556564727748,0.1770136069994407,0.0727069351230425,0.0548098434004474,0.3344519015659955,0.2522371364653243,6.371923937360179,0.1202460850111856,852,103,0,11.976,204,600,55,0,102,6.545,0.055,16.47,0.0206935123042505,21.6,-15.34
42,44,39,40,18,18,0.0481697152046624,0.0539890788013232,-2815.4224255949525,1547.4904250122129,79.39330029751306,79.3933002975745,-0.6699403613199806,-147.27438231895027,0.1607071077850513,0.0605764533463605,0.0288226673180263,0.3463605276013679,0.2496336101612115,6.166585246702492,0.1636541279921836,852,103,0,11.976,204,600,55,0,102,6.545,0.055,22.9,0.0205178309721543,34.2,-50.95
42,44,39,40,18,18,0.0496024341464346,0.0556826256670244,-2769.9125787869893,1477.9082445576655,76.16267673124293,76.16267673134737,-0.5565851484733673,-145.7996350694787,0.1837485191797128,0.0852246410375173,0.063918480778138,0.3214451134784623,0.2510421491431218,6.600741083835109,0.1421954608615099,852,103,0,11.976,204,600,55,0,102,6.545,0.055,11.65,0.0143584993052339,15.8,-15.94
61,61,33,33,6,6,0.0511858661655984,0.0577847571925741,-2706.5035522583994,1394.794539982803,73.37675955779521,73.37675955776268,-0.4588336686999141,-144.91454521886948,0.1949831088865004,0.1006018916595012,0.0812553740326741,0.3056749785038693,0.264402407566638,6.861564918314703,0.0937231298366294,3118,251,0,86.677,885,3100,251,0,885,86.673,0.68,12.36,0.0305245055889939,12.9,-18.6
61,60,33,33,6,7,0.0504324439223378,0.0570781733614638,-2730.0202266909414,1389.915955917585,72.43647437808063,72.43647437817346,-0.4258412062558697,-144.53347437707143,0.2082060268528988,0.1260182079540009,0.0953521801629132,0.2932438907522759,0.2549113560134164,7.145184475323431,0.1149976042165788,5506,362,19,246.714,2532,2900,199,14,1329,141.856,3.056,11.3,0.0182079540009583,14.3,-43.06
61,60,33,33,6,7,0.0500706923453607,0.0566900758857633,-2760.5709313681305,1380.8589125102208,71.11461599660002,71.11461599661773,-0.3794602104129191,-144.02856075062866,0.2092119872285363,0.1226492232215862,0.115699100572363,0.276778413736713,0.2641046606704824,7.421913327882256,0.0940310711365494,5506,362,19,246.714,2532,2900,199,14,1329,141.856,3.056,11.13,0.0228945216680294,12.4,-15.66
45,48,35,36,19,17,0.0486123069514907,0.0548035224681866,-2820.3408430478826,1508.6958349402237,76.81935846392071,76.81935846406788,-0.5796266127670653,-146.51313540439665,0.1771971378569225,0.0628615503278056,0.0339375241033551,0.2846124180485924,0.3613575009641342,6.604319321249518,0.1299652911685306,621,69,0,10.835,165,1300,101,1,329,33.766,0.295,11.45,0.0339375241033551,22.9,-2448.32
45,48,35,36,19,17,0.0495235382534803,0.0558759814550925,-2797.7504141676345,1498.4139944022393,76.70351097027097,76.70351097035983,-0.5755617884290283,-146.50842298292272,0.1721733812546981,0.0631747301079568,0.0387844862055177,0.2950819672131147,0.3406637345061975,6.471811275489804,0.1307477009196321,621,69,0,10.835,165,1300,101,1,329,33.766,0.295,13.72,0.0391843262694922,28.6,-2675.86
45,48,35,36,19,17,0.0515375963356887,0.058390817999226,-2734.1427188860807,1416.9862815884476,73.60740091843675,73.60740091857359,-0.4669263480116326,-145.18011711236184,0.205232316739671,0.0838347372643401,0.0489370236662655,0.2350581628559968,0.3878860810268753,7.148816686722824,0.1066987565182511,621,69,0,10.835,165,1300,101,1,329,33.766,0.295,14.2,0.0373044524669073,10.9,-2907.84
30,38,44,48,22,17,0.0512657021167818,0.0576895337066009,-2672.583424458971,1454.2352785145888,78.02057886139723,78.02057886155332,-0.6217746968960213,-146.94049730535954,0.165970817337931,0.0748010610079575,0.0408488063660477,0.2838196286472148,0.270026525198939,5.861007957559682,0.2084880636604774,6233,438,100,2168.388,2161,2400,199,7,585,130.824,1.918,27.68,0.0217506631299734,15.7,-1515.51
30,38,44,48,22,17,0.0515460379938978,0.0584500317913805,-2723.9250719029146,1457.238911174785,75.88850779922622,75.88850779935588,-0.5469651859449856,-146.11533499778966,0.1834036610464183,0.0825214899713467,0.0372492836676217,0.3157593123209169,0.292836676217765,6.383381088825215,0.1467048710601719,6233,438,100,2168.388,2161,2400,199,7,585,130.824,1.918,19.72,0.0183381088825214,6.2,-97.9
30,38,44,48,22,17,0.0504327607470268,0.0568981625535044,-2679.189657327978,1447.9197166469894,78.03153055044244,78.03153055048818,-0.6221589666800472,-147.19295651735985,0.1600793748636363,0.0661157024793388,0.0312868949232585,0.3293978748524203,0.2774498229043683,6.005903187721369,0.1399055489964581,6233,438,100,2168.388,2161,2400,199,7,585,130.824,1.918,23.65,0.0365997638724911,3.8,-33.71
54,54,40,40,6,6,0.0435205614867138,0.0490591486412491,-3043.3007801069084,1700.1409313725492,81.43271890415774,81.43271890392809,-0.7414989089109477,-148.70885685585418,0.1716394323169934,0.0661764705882353,0.0236928104575163,0.3194444444444444,0.2761437908496732,6.532679738562091,0.2099673202614379,481,23,0,0.687,0,500,23,0,0,0.687,0.014,37.02,0.0155228758169934,19.3,-1413.77
54,54,40,40,6,6,0.0441772307260407,0.0498836901597035,-3056.1411960971054,1658.3567254174395,78.29755745892967,78.2975574589128,-0.6314932441692949,-147.42011042256442,0.1724825850997217,0.0524118738404452,0.0445269016697588,0.325139146567718,0.3075139146567718,6.981447124304268,0.1386827458256029,481,23,0,0.687,0,500,23,0,0,0.687,0.014,22.84,0.0166975881261595,27.6,-42.76
54,54,40,40,6,6,0.0450360476456321,0.0510552914272431,-2993.216024000689,1631.2022099447515,79.0116468152709,79.01164681522928,-0.6565490110598526,-147.92159110318454,0.171384506281768,0.0718232044198895,0.0267034990791896,0.3176795580110497,0.3020257826887661,6.837937384898711,0.152854511970534,481,23,0,0.687,0,500,23,0,0,0.687,0.014,41.07,0.0147329650092081,32.7,-19.87
47,46,38,37,16,16,0.0504028752630776,0.0567012522151834,-2722.1592386309344,1462.803188405797,77.05898668193055,77.05898668188937,-0.5880346204202899,-146.1442078051562,0.1634932628608695,0.0642512077294686,0.0338164251207729,0.3367149758454106,0.2632850241545894,6.38743961352657,0.1333333333333333,1470,150,0,17.348,246,1400,106,0,256,10.139,0.294,10.74,0.0294685990338164,43.0,-16.99
47,46,38,37,16,16,0.0463288743219435,0.0519387284987739,-2954.1100198655763,1626.8942332336608,79.53788887976523,79.53788887963435,-0.6750136449030328,-147.42922949176082,0.1492367904955147,0.0414352840666381,0.0264844083724903,0.3395984621956429,0.2473302007689022,6.3759077317385735,0.1490815890645023,1470,150,0,17.348,246,1400,106,0,256,10.139,0.294,10.32,0.0290474156343442,22.2,-5.77
47,46,38,37,16,16,0.0481738886409314,0.0539917960221846,-2845.116241691244,1539.8012225969649,77.81783332748451,77.81783332762606,-0.614660818502108,-146.4932124600973,0.1594899361538786,0.0451096121416526,0.0400505902192242,0.3537099494097808,0.2647554806070826,6.533305227655987,0.1079258010118043,1470,150,0,17.348,246,1400,106,0,256,10.139,0.294,6.2,0.0303541315345699,8.2,-3.65
38,38,44,44,18,18,0.0513171171266336,0.0581959957431246,-2763.815883479862,1411.049631147541,72.0648075596104,72.06480755970492,-0.4128002652483606,-144.33174330284714,0.2226282081176229,0.1262295081967213,0.0610655737704918,0.2659836065573771,0.3110655737704918,7.4987704918032785,0.0946721311475409,3717,320,0,46.66,811,3700,320,0,811,46.658,1.147,17.25,0.0278688524590163,20.9,-1953.6
38,38,44,44,18,18,0.0527841983054529,0.0597091314418078,-2696.257955329395,1399.1714457831324,73.29733633272103,73.29733633296225,-0.4560468888666668,-144.88179082729147,0.1886234407730923,0.0847389558232931,0.0570281124497992,0.2791164658634538,0.321285140562249,6.8024096385542165,0.0967871485943775,3717,320,0,46.66,811,3700,320,0,811,46.658,1.147,21.79,0.051004016064257,17.0,-1939.15
55,54,33,35,11,13,0.0434107583473326,0.0490686026850276,-3098.516092011578,1634.8917515609594,75.98421774687161,75.98421774680513,-0.5503234297117976,-146.41203936019545,0.1788922604811041,0.0732829444627012,0.0785409135721327,0.2868879395333552,0.3039763391390075,7.27735787052251,0.1334209661518238,5198,320,34,434.211,1227,200,26,0,64,3.702,2.922,5.45,0.0200460072297075,0.0,-2.37
55,54,33,35,11,13,0.0446481430471716,0.0506397611031697,-3070.4454157757696,1543.8600389863548,72.45950706898543,72.45950706899967,-0.4266493708398311,-144.94122641537533,0.2107567539603638,0.1192332683560753,0.085445094217024,0.2751786874593892,0.285899935022742,8.526315789473685,0.0948667966211825,5198,320,34,434.211,1227,200,26,0,64,3.702,2.922,8.54,0.0243664717348927,17.2,-21.63
55,54,33,35,11,13,0.0446082036259147,0.0505083703426687,-3086.1744355605297,1578.319868683985,73.33325484342866,73.33325484343735,-0.4573071874881529,-145.2966203704396,0.1935402971632886,0.088210105623751,0.0844990008564088,0.2883242934627462,0.3197259491864117,7.883813873822437,0.0822152440765058,5198,320,34,434.211,1227,200,26,0,64,3.702,2.922,6.47,0.0242649157864687,17.4,-1.68
41,29,34,35,24,37,0.0409965921359259,0.0458173745217615,-3116.181504905509,1755.564,83.34538989567767,83.34538989589585,-0.808610171775849,-149.5779936783985,0.1259367454845283,0.0535849056603773,0.0150943396226415,0.440754716981132,0.1781132075471698,6.0550943396226415,0.16,6299,369,96,1911.477,7615,500,61,1,222,12.972,77.855,14.32,0.0150943396226415,13.8,-1.29
41,29,34,35,24,37,0.0471113172831177,0.0532913068307694,-2966.4447700883634,1576.0288524590164,75.87965475243419,75.87965475256107,-0.5466545527131147,-146.20583359283802,0.1769187204442623,0.0758196721311475,0.0549180327868852,0.3192622950819672,0.2692622950819672,7.0299180327868855,0.1131147540983606,6299,369,96,1911.477,7615,500,61,1,222,12.972,77.855,5.03,0.0290983606557377,14.7,-2.02
41,29,34,35,24,37,0.046289715106302,0.0521275453492486,-2983.990532992281,1620.4849521203828,78.15601926977467,78.15601926986547,-0.6265269919238486,-147.12108656739426,0.1675688905503876,0.0747834017327861,0.0414956680346557,0.3023255813953488,0.2503419972640219,6.729138166894665,0.1696306429548563,6299,369,96,1911.477,7615,500,61,1,222,12.972,77.855,3.43,0.0255357957136342,8.6,-1.67
40,40,41,42,19,19,0.0519033980478052,0.0586323107133839,-2656.161800925942,1395.3791871371145,74.6858208910379,74.68582089106788,-0.5047656453014739,-145.39568323565172,0.1991823722393926,0.1049575703439035,0.0661009379187137,0.3104064314426083,0.2536846806610093,6.677087985707906,0.1344350156319785,697,85,0,11.971,170,700,69,0,195,8.032,0.43,25.59,0.0178651183564091,,-74.17
39,39,43,43,18,18,0.0516851991707657,0.0582972547302485,-2657.744626679648,1384.124803836094,74.24288914035817,74.24288914038534,-0.4892241803687881,-145.1942933269273,0.2063199627406277,0.0989537925021796,0.0719267654751525,0.2881429816913688,0.2933740191804708,6.906713164777681,0.1242371403661726,564,46,0,2.741,120,600,46,0,120,2.741,0.066,21.81,0.0231037489102005,14.8,-64.33
40,40,41,42,19,19,0.0435910303143553,0.0491910699893176,-2988.8986361969896,1640.9163584637267,80.17547202170573,80.17547202160881,-0.6973849832140825,-148.39288702683248,0.1626274747012802,0.0561877667140825,0.0426742532005689,0.3221906116642958,0.2894736842105263,6.416073968705548,0.1721194879089616,697,85,0,11.971,170,700,69,0,195,8.032,0.43,13.79,0.0120910384068278,14.5,-24.54
53,46,35,33,14,19,0.0487546028265833,0.0550206401844892,-2863.5370830555257,1497.7874100719423,74.53653283319063,74.53653283335773,-0.4995274678337331,-145.56591166579864,0.1857693776982414,0.08792965627498,0.0675459632294164,0.3129496402877698,0.2801758593125499,6.98880895283773,0.0851318944844124,6300,348,80,363.601,7178,300,48,1,165,9.946,1.321,4.19,0.0315747402078337,15.0,-2.71
53,46,35,33,14,19,0.0518146780306302,0.0585686018651554,-2701.753112944768,1409.1263066954643,73.95632995630204,73.956329956381,-0.4791694721520518,-145.0929625460261,0.1970648059822893,0.0928725701943844,0.0656587473002159,0.2829373650107991,0.3140388768898488,6.765874730021598,0.1200863930885529,6300,348,80,363.601,7178,300,48,1,165,9.946,1.321,24.13,0.0250539956803455,21.2,-2086.43
53,46,35,33,14,19,0.0509561438866498,0.0574503196102524,-2705.8317783847747,1418.903125,74.68258604029356,74.68258604034834,-0.5046521417612501,-145.42699901403674,0.1858601276675,0.0854166666666666,0.0695833333333333,0.3054166666666666,0.30625,6.60125,0.1170833333333333,6300,348,80,363.601,7178,300,48,1,165,9.946,1.321,15.42,0.0295833333333333,27.4,-2610.28
37,36,45,45,18,18,0.0537309795968829,0.0608063286713893,-2553.955475143308,1319.0998128509043,73.37352191748938,73.37352191736744,-0.4587200672925764,-144.9329792114406,0.2165994625988771,0.1272613849033063,0.0623830318153462,0.2620087336244541,0.2894572676232065,6.610106051154086,0.148471615720524,2079,152,0,27.266,584,1500,109,0,356,27.169,0.588,24.32,0.024329382407985,22.9,-988.01
37,36,45,45,18,18,0.0530368413795272,0.060015854611405,-2641.788889190485,1361.754134307903,72.78408379271039,72.78408379276519,-0.4380380278158977,-144.6285565538532,0.2052333865582457,0.1142074006395614,0.0584741891274554,0.299223389675651,0.295568752855185,6.8405664687071726,0.0899954317039744,2079,152,0,27.266,584,1500,109,0,356,27.169,0.588,21.66,0.0319780721790772,11.8,-1821.88
37,36,45,45,18,18,,,,,,,,,,,,,,,,2079,152,0,27.266,584,1500,109,0,356,27.169,0.588,29.74,,14.7,-2260.74
37,36,45,45,18,18,,,,,,,,,,,,,,,,2079,152,0,27.266,584,1500,109,0,356,27.169,0.588,29.74,,14.7,-2260.74
37,36,45,45,18,18,,,,,,,,,,,,,,,,2079,152,0,27.266,584,1500,109,0,356,27.169,0.588,46.59,,14.7,-2260.74
37,36,45,45,18,18,,,,,,,,,,,,,,,,2079,152,0,27.266,584,1500,109,0,356,27.169,0.588,46.59,,14.7,-2260.74
50,50,40,40,10,11,0.0495710181703425,0.0556685103414138,-2789.190524473024,1488.2587142139623,76.29140008353602,76.29140008356404,-0.561101757314917,-145.91660281853214,0.1666084971361125,0.0642893018583626,0.0542440984429934,0.3510798593671522,0.251130085384229,6.476644902059267,0.1084881968859869,11,14,0,0.237,106,0,14,0,87,0.115,0.004,8.71,0.0256152687091913,9.7,-2.71
54,54,31,31,15,15,0.0466607518666922,0.0525579202609972,-2973.771881301116,1575.9661712944858,75.81304004049233,75.81304004051701,-0.5443171944016426,-145.98433898397383,0.1803795468208838,0.0770434102463824,0.0614000782166601,0.3351583887368009,0.2569417285881893,7.12788423934298,0.1005084082909659,6,49,0,0.357,313,0,49,0,313,0.357,0.004,9.2,0.027375831052014,16.5,-0.99
54,54,31,31,15,15,0.0471816148093741,0.0531694495689183,-2993.8793322654788,1574.3053648068671,74.94960201566171,74.94960201578112,-0.5140211233530042,-145.55264034932105,0.1868392955364806,0.0793991416309012,0.0622317596566523,0.3233190271816881,0.2678826895565093,7.454577968526467,0.0858369098712446,6,49,0,0.357,313,0,49,0,313,0.357,0.004,5.33,0.0286123032904148,20.3,-1.09
54,54,31,31,15,15,0.0464704069791552,0.0522181881299163,-3033.356815766643,1614.341719077568,75.96953253495757,75.9695325351048,-0.5498081591205451,-145.84773177853356,0.1810584076450035,0.0695317959468902,0.0566037735849056,0.3385744234800839,0.2470300489168413,7.356743535988819,0.0964360587002096,6,49,0,0.357,313,0,49,0,313,0.357,0.004,6.22,0.0290006988120195,15.4,-1.4
55,55,31,31,14,14,0.0471636862228434,0.0532488837381397,-2976.409727938046,1560.80219330855,74.86532625689954,74.86532625700559,-0.5110640791881043,-145.64637667695143,0.1922641464171004,0.0910780669144981,0.0639405204460966,0.3011152416356877,0.2672862453531598,7.399628252788104,0.1100371747211896,234,44,0,9.99,466,200,44,0,465,9.991,0.068,8.06,0.0256505576208178,16.5,-1.55
55,55,31,31,14,14,0.0480538887128458,0.0541731422452365,-2855.8965675414624,1488.0129431866724,74.52374338298868,74.52374338301921,-0.4990787151956429,-145.4774034206277,0.1796427708214438,0.0764630499786416,0.0739000427167877,0.3216574113626655,0.2819307988039299,6.937633489961555,0.0790260572404955,234,44,0,9.99,466,200,44,0,465,9.991,0.068,8.6,0.0281930798803929,13.5,-1.78
55,55,31,31,14,14,0.0466053790021297,0.0525717477691081,-3008.301401073433,1565.4453764180132,74.22726384019366,74.2272638403912,-0.4886759242224132,-145.36528495733486,0.1985742873007906,0.0952217256789274,0.0677208662770711,0.2973530422825713,0.2873839807493984,7.669989687177725,0.0883465108284633,234,44,0,9.99,466,200,44,0,465,9.991,0.068,5.62,0.0264695771742866,24.3,-3.32
60,63,28,31,9,9,,,,,,,,,,,,,,,,1083,90,0,20.428,208,700,65,0,149,6.973,0.703,21.59,,12.2,-48.59
60,63,28,31,9,9,0.0495724300441758,0.0559286248898969,-2760.1352225889023,1461.557279344859,75.91274333584228,75.91274333590991,-0.5478155556460419,-146.17358280214663,0.1885899517511373,0.0746132848043676,0.0477707006369426,0.3111919927206551,0.3093721565059145,6.791173794358508,0.1087352138307552,1083,90,0,20.428,208,700,65,0,149,6.973,0.703,20.39,0.0259326660600545,7.0,-82.62
60,63,28,31,9,9,0.0486044400113982,0.0547572503228697,-2749.710127305158,1474.738880484115,77.46833403825389,77.46833403835403,-0.6023976855496723,-146.79743692225048,0.1887190792521432,0.0781643973777105,0.0312657589510842,0.3151790216843167,0.3146747352496218,6.608673726676752,0.1220373171961674,1083,90,0,20.428,208,700,65,0,149,6.973,0.703,31.58,0.0181543116490166,15.4,-17.66
70,70,26,26,4,4,,,,,,,,,,,,,,,,6300,337,92,671.113,7981,6300,337,92,7981,671.137,4.628,8.19,,6.9,-3.46
70,70,26,26,4,4,0.0493790441184679,0.0557696451206468,-2761.7457104852224,1434.0288860103626,74.32001755510318,74.32001755524136,-0.4919304405315198,-145.58218067010287,0.1928292659991364,0.1049222797927461,0.0664939550949913,0.3151986183074265,0.2525906735751295,6.9689119170984455,0.0988773747841105,6300,337,92,671.113,7981,6300,337,92,7981,671.137,4.628,8.9,0.0306563039723661,3.4,-3.65
70,70,26,26,4,4,0.0505688400363465,0.0573051509810222,-2735.3655309848805,1395.990755310779,72.50459166791535,72.50459166791464,-0.4282312865995279,-144.77568654788968,0.2160182444952792,0.1243115656963021,0.080251770259638,0.2903225806451613,0.2875688434303698,7.288749016522424,0.0900865460267505,6300,337,92,671.113,7981,6300,337,92,7981,671.137,4.628,10.87,0.020456333595594,10.1,-21.22
64,62,32,30,6,6,0.0520954163704183,0.0589136925417597,-2641.047609288621,1330.9143225806454,71.70917100052561,71.70917100041248,-0.4003217894950537,-144.2688241189664,0.2325538478038709,0.1440860215053763,0.0748387096774193,0.2683870967741935,0.312258064516129,7.390537634408602,0.0980645161290322,4323,302,0,158.89,3405,4700,310,0,2958,179.954,7.117,24.75,0.0159139784946236,43.6,-82.36
64,62,32,30,6,6,0.051716422323422,0.0586230867021991,-2697.1801993653926,1353.038928255093,70.8404183153424,70.84041831537424,-0.3698392391443755,-143.92416545821197,0.2502102359960141,0.1598759964570416,0.0797165633303808,0.2369353410097431,0.3219663418954827,7.726749335695305,0.0992028343666961,4323,302,0,158.89,3405,4700,310,0,2958,179.954,7.117,21.83,0.0159433126660761,32.1,-77.62
48,57,31,39,12,12,,,,,,,,,,,,,,,,3297,151,0,3.373,308,300,35,0,91,7.938,0.059,20.7,,19.6,-5.14
48,57,31,39,12,12,0.047934896582879,0.0537241666141322,-2841.637230315137,1555.5474184782609,78.82232101848759,78.82232101859286,-0.6499060006458333,-147.13958074203236,0.1552959558559782,0.056159420289855,0.0443840579710144,0.3446557971014493,0.2413949275362318,6.182065217391305,0.1435688405797101,3297,151,0,3.373,308,300,35,0,91,7.938,0.059,21.2,0.0317028985507246,26.2,-2.89
48,57,31,39,12,12,0.0476835906487031,0.0534955882411444,-2895.114938487998,1568.404383561644,77.90412793927639,77.90412793930045,-0.6176886996214612,-146.78864063998049,0.1623215363123287,0.0506849315068493,0.0438356164383561,0.3488584474885844,0.2662100456621004,6.559360730593608,0.108675799086758,3297,151,0,3.373,308,300,35,0,91,7.938,0.059,6.79,0.0324200913242009,19.1,-5.0
48,52,34,39,12,14,0.0471204291380982,0.0531797545246487,-2974.137962163465,1618.215862422998,77.76717570597664,77.76717570602978,-0.6128833581062628,-146.84092460598256,0.1696064764543121,0.074435318275154,0.0354209445585215,0.3367556468172484,0.2340862422997946,6.767453798767967,0.1380903490759753,755,61,0,0.003,125,300,34,0,90,7.938,0.0,9.99,0.0297741273100616,10.2,-3.99
48,52,34,39,12,14,0.0466160412280418,0.0524191359311399,-2954.850979736472,1617.5025394045538,78.83874504679275,78.83874504701795,-0.6504822823419439,-147.36526137284912,0.1614857683704028,0.0656742556917688,0.0354640980735551,0.3419439579684764,0.2351138353765324,6.51970227670753,0.1418563922942206,755,61,0,0.003,125,300,34,0,90,7.938,0.0,8.27,0.0310858143607705,6.5,-0.75
48,52,34,39,12,14,,,,,,,,,,,,,,,,755,61,0,0.003,125,300,34,0,90,7.938,0.0,8.01,,5.7,-1.3
48,55,32,39,12,13,0.0494062825648762,0.0553981405615264,-2806.205010926363,1501.6035971223023,76.70909670543112,76.7090967054003,-0.5757577791361769,-146.04129520246843,0.1693156464866392,0.0616649537512846,0.040082219938335,0.3180883864337102,0.2682425488180884,6.705035971223022,0.1171634121274409,646,70,0,0.003,95,300,34,0,90,7.934,0.0,12.18,0.0477903391572456,29.5,-15.42
48,55,32,39,12,13,0.0492420918096904,0.0552350670269382,-2753.102395512065,1504.9257748776508,78.76179689073129,78.76179689096902,-0.6477823470429581,-147.04383306308435,0.1391592194328439,0.0435019032082653,0.0320826536160957,0.3605220228384992,0.2506797172376291,5.7765089722675365,0.1462751495377922,646,70,0,0.003,95,300,34,0,90,7.934,0.0,40.62,0.0342577487765089,39.5,-11.67
48,55,32,39,12,13,0.0498046232369773,0.0560468311192641,-2831.361818516946,1503.2791533546326,75.85850585107185,75.8585058511258,-0.5459124860023962,-145.96855067190367,0.1608363492959265,0.0535143769968051,0.0539137380191693,0.3075079872204473,0.2755591054313099,6.607827476038339,0.1118210862619808,646,70,0,0.003,95,300,34,0,90,7.934,0.0,10.34,0.0583067092651757,18.3,-22.07
57,53,33,32,11,15,,,,,,,,,,,,,,,,668,61,0,3.873,200,100,34,0,98,1.206,0.073,16.38,,6.5,-5.17
57,53,33,32,11,15,0.0485077189603268,0.0544007347421724,-2855.10683933277,1542.6956342668866,77.6001239960446,77.6001239960758,-0.6070218945963757,-146.46563212035988,0.171143688895799,0.0551894563426688,0.0411861614497528,0.3299011532125206,0.2759472817133443,6.711285008237232,0.1173805601317957,668,61,0,3.873,200,100,34,0,98,1.206,0.073,8.52,0.0247116968698517,6.6,-3.91
57,53,33,32,11,15,0.047574066121783,0.0533141445553563,-2893.350429233631,1565.3033419023134,77.89741974743917,77.89741974753,-0.6174533244678663,-146.68702914403977,0.1618326170175664,0.0497000856898029,0.0347043701799485,0.3564695801199657,0.2566409597257926,6.60968294772922,0.1023993144815766,668,61,0,3.873,200,100,34,0,98,1.206,0.073,4.88,0.0329905741216795,9.7,-4.97
53,45,36,33,14,19,0.048687568429428,0.0550162478370876,-2862.4821188379688,1485.036766917293,73.9409937140306,73.94099371403384,-0.4786313583864661,-145.40467744311698,0.1850731574383458,0.0883458646616541,0.0740601503759398,0.3056390977443609,0.2932330827067669,7.046616541353384,0.0804511278195488,3235,258,7,60.092,1353,400,53,2,265,23.027,1.322,3.96,0.0293233082706766,87.2,-3.21
53,45,36,33,14,19,0.0498300131135396,0.0563153677136565,-2794.3090979710496,1470.6424719101126,75.04377807328426,75.04377807328316,-0.5173255464382023,-145.78991361687997,0.184048819574382,0.0898876404494382,0.0642696629213483,0.2786516853932584,0.2817977528089888,6.766292134831461,0.1406741573033708,3235,258,7,60.092,1353,400,53,2,265,23.027,1.322,5.68,0.0301123595505618,41.7,-20.32
53,45,36,33,14,19,0.04924346839171,0.0555047546335214,-2760.622820811201,1456.2718223583458,75.94748282294131,75.94748282304136,-0.5490344850204185,-146.22163863680217,0.1866588973848902,0.0781010719754977,0.0546197039305768,0.3037263910158244,0.3088310362429811,6.856559469116896,0.1092394078611536,3235,258,7,60.092,1353,400,53,2,265,23.027,1.322,20.65,0.0306278713629402,66.2,-35.76
47,51,34,36,17,15,0.048797745449718,0.0547422165959939,-2752.8814829685166,1503.900523864959,78.89979461624976,78.89979461658905,-0.6526243724965075,-147.17713731302138,0.1652493974441211,0.0669383003492433,0.0372526193247962,0.3183934807916181,0.259604190919674,6.09196740395809,0.1810244470314319,6300,417,100,2600.23,9830,6200,367,76,5977,1183.483,41.594,24.22,0.0180442374854481,4.0,-19.2
46,46,35,35,18,18,0.0542497757560806,0.0615789215338474,-2584.815653300104,1312.3223701159295,71.5369507584804,71.5369507586243,-0.3942789739841132,-144.25418860788963,0.2052191239012451,0.0931730356376127,0.0734220695577501,0.2580506655216831,0.3791326749677973,6.8948046371833405,0.0961786174323744,3032,254,0,57.396,2822,3000,254,0,2794,57.782,1.645,17.91,0.0154572778016316,5.7,-34.83
46,46,35,35,18,18,0.0549819332169617,0.0624663919117543,-2575.838240840877,1303.8655993752438,71.27754890290579,71.27754890293751,-0.3851771544931668,-144.2250317073385,0.2047585353881296,0.0784849668098399,0.0702850449043342,0.2377977352596642,0.4166341272940257,6.9707145646231945,0.0847325263568918,3032,254,0,57.396,2822,3000,254,0,2794,57.782,1.645,20.54,0.0191331511128465,10.7,-37.03
46,46,35,35,18,18,0.0538563481942363,0.0610203289570829,-2582.288873985283,1351.2436472346783,74.31724382012432,74.31724382006426,-0.4918331164987543,-145.3654209677283,0.1809832277140009,0.0707523667164922,0.0543099152964623,0.2929745889387145,0.3328350772296961,6.388141504733433,0.1225710014947683,3032,254,0,57.396,2822,3000,254,0,2794,57.782,1.645,22.25,0.0234180368709516,10.8,-81.84
19,20,52,54,27,27,0.050199091947658,0.0566188613272184,-2772.575130770108,1472.6118613138688,75.70853433030302,75.7085343300926,-0.5406503273854927,-145.92795034867305,0.1832080623161496,0.0958029197080291,0.0565693430656934,0.3284671532846715,0.2354014598540146,6.627737226277373,0.1300182481751824,1927,231,0,10.092,268,1100,109,0,377,11.89,0.025,9.6,0.0278284671532846,1.9,-14.63
19,20,52,54,27,27,0.0540207402353422,0.0609141687963804,-2588.122771313589,1361.4039529411764,74.56365090559235,74.56365090563011,-0.5004789791449411,-145.18672819859688,0.1815414702174117,0.0785882352941176,0.0630588235294117,0.2621176470588235,0.3077647058823529,6.266352941176471,0.1477647058823529,1927,231,0,10.092,268,1100,109,0,377,11.89,0.025,17.88,0.0348235294117647,6.9,-23.85
19,20,52,54,27,27,,,,,,,,,,,,,,,,1927,231,0,10.092,268,1100,109,0,377,11.89,0.025,23.29,,7.1,-73.45
56,56,36,36,8,8,0.0483695621426257,0.0546362616183827,-2861.573497628445,1459.491784132098,72.76075479846254,72.76075479848893,-0.4372194666190093,-144.76138707356992,0.1940796962956101,0.1002819170358437,0.1047120418848167,0.2960128876359242,0.2625855819573097,7.34192509061619,0.0978654853000402,269,48,0,2.816,326,300,48,0,326,2.816,0.094,9.65,0.0237615787354007,,-3.47
56,56,36,36,8,8,0.0500945889849678,0.0566173552343589,-2746.109748555018,1398.2136363636362,72.67641423531032,72.67641423525353,-0.4342601486101009,-144.66079603204625,0.2045776299828283,0.1035353535353535,0.1111111111111111,0.2818181818181818,0.2641414141414141,7.256565656565656,0.1146464646464646,269,48,0,2.816,326,300,48,0,326,2.816,0.094,22.51,0.0217171717171717,3.0,-4.24
56,56,36,36,8,8,0.0489348118789718,0.0552869340556827,-2834.1547932200447,1431.316196013289,71.98297938256958,71.9829793826902,-0.4099291011445183,-144.25842698591322,0.1962818098197674,0.1034053156146179,0.1108803986710963,0.2990033222591362,0.2653654485049834,7.456810631229236,0.0892857142857142,269,48,0,2.816,326,300,48,0,326,2.816,0.094,10.62,0.0199335548172757,5.8,-2.41
42,44,39,41,17,17,0.0432150774597406,0.048420250400744,-3061.2612996681146,1705.8677908937605,81.37833864513527,81.3783386450995,-0.739590829649241,-148.49096939331326,0.1404197852074198,0.0590219224283305,0.0196739741427768,0.3856098931984261,0.2001124227093872,6.326587970770095,0.1646992692523889,755,63,0,24.197,153,300,26,0,47,2.961,0.605,17.21,0.0303541315345699,5.2,-4.55
42,44,39,41,17,17,0.0430938860602278,0.0482866539254326,-3056.274626895839,1689.5659124446634,80.78100844175755,80.7810084418239,-0.718631875144122,-148.25440684044173,0.1354056497491391,0.0482046237088047,0.0191834727004426,0.3900639449090015,0.2247909493359567,6.244958189867192,0.1578947368421052,755,63,0,24.197,153,300,26,0,47,2.961,0.605,16.71,0.0295130349237579,6.9,-7.48
42,44,39,41,17,17,,,,,,,,,,,,,,,,755,63,0,24.197,153,300,26,0,47,2.961,0.605,31.34,,7.4,-8.6
36,36,43,43,22,22,0.050585468678649,0.0567481540736953,-2751.2186210160216,1492.2857921016796,77.54485752052418,77.5448575205656,-0.6050827200145257,-146.27837235290025,0.1529320002419427,0.0517476168860644,0.0358601906491148,0.3499773036768043,0.2496595551520653,6.085792101679528,0.1434407625964593,4370,241,33,754.728,3924,4400,241,33,3926,755.148,26.326,12.92,0.0281434407625964,,-14.92
36,36,43,43,22,22,0.0491872384929926,0.0552470986676143,-2861.4505119615173,1530.7742013748486,76.33510558476996,76.33510558501335,-0.5626352836769106,-145.86945075212148,0.1665306673829357,0.0513546300040436,0.0416498180347755,0.3380509502628386,0.2854832187626365,6.723008491710473,0.0913869793772745,4370,241,33,754.728,3924,4400,241,33,3926,755.148,26.326,5.27,0.0400323493732308,22.9,-3.07
36,36,43,43,22,22,0.0538835462739267,0.0609106537868052,-2607.545469905493,1360.6480555555556,73.890522437415,73.89052243748472,-0.4768604364064814,-145.12624013952694,0.1780351971819444,0.0875,0.062037037037037,0.324537037037037,0.2634259259259259,6.305092592592593,0.0935185185185185,4370,241,33,754.728,3924,4400,241,33,3926,755.148,26.326,11.3,0.0439814814814814,56.0,-52.27
36,36,44,44,20,20,0.0439171763185,0.0494277252057397,-2951.085842391991,1648.7224679860303,82.03385532598847,82.03385532623284,-0.7625914149476133,-149.27730337452428,0.1457869222922002,0.0686845168800931,0.0244470314318975,0.3678696158323632,0.2153667054714784,5.939464493597206,0.1850989522700815,0,20,0,0.002,0,0,20,0,0,0.002,0.0,30.17,0.0174621653084982,20.6,-991.01
36,36,44,44,20,20,,,,,,,,,,,,,,,,0,20,0,0.002,0,0,20,0,0,0.002,0.0,25.82,,27.0,-38.08
36,36,44,44,20,20,0.0429867753758849,0.0481738558648142,-2962.561760026128,1664.1347750865054,82.71016143080382,82.7101614306505,-0.7863214537110726,-149.12689660440412,0.132615338934256,0.0519031141868512,0.0302768166089965,0.3866782006920415,0.2136678200692041,5.789792387543253,0.2006920415224913,0,20,0,0.002,0,0,20,0,0,0.002,0.0,25.61,0.0138408304498269,25.8,-35.52
40,40,37,37,23,23,0.0496809695945838,0.0555857850523232,-2730.4353157398864,1506.6937402190922,79.60756457245473,79.60756457244237,-0.6774584060505998,-147.3655192965935,0.1528801987214397,0.0568596765779864,0.0213875847678664,0.3442879499217527,0.254564423578508,5.842462180490349,0.1773604590505998,5284,297,35,861.629,2254,5300,297,35,2253,861.451,26.258,22.0,0.028169014084507,14.8,-1185.05
40,40,37,37,23,23,,,,,,,,,,,,,,,,5284,297,35,861.629,2254,5300,297,35,2253,861.451,26.258,33.07,,13.0,-1138.3
40,40,37,37,23,23,0.0495771183667405,0.055616768403288,-2749.0642915801795,1497.826170105687,78.28216500327262,78.2821650032149,-0.6309531580120784,-146.784122341528,0.1812603712778057,0.0729743331655762,0.0286864620030196,0.3231001509813789,0.2742828384499245,6.391041771514846,0.1494715651736285,5284,297,35,861.629,2254,5300,297,35,2253,861.451,26.258,32.15,0.0236537493709109,3.9,-47.16
48,49,33,33,18,18,0.0521231681594632,0.0590937668136806,-2680.359980650623,1331.5670314637482,70.3721441562919,70.37214415628408,-0.3534085668955768,-143.7194411684231,0.2391509702065663,0.1696306429548563,0.0870953032375741,0.2599179206566347,0.2676698586411308,7.632922936616507,0.0998632010943912,1007,122,0,25.496,550,1000,123,0,543,25.809,0.376,16.07,0.0264477884176926,36.5,-43.22
48,49,33,33,18,18,0.0516356791103031,0.058508730040895,-2700.021084367536,1331.6306678383123,69.82515791508949,69.82515791510808,-0.3342160671994728,-143.40152670156192,0.2343578257429701,0.1528998242530755,0.1006151142355008,0.2623022847100176,0.2715289982425307,7.782513181019332,0.09402460456942,1007,122,0,25.496,550,1000,123,0,543,25.809,0.376,15.6,0.0215289982425307,20.8,-3.79
48,49,33,33,18,18,0.0510671002182931,0.0578468403004438,-2736.291593880156,1353.306690997567,70.29177887529809,70.29177887532362,-0.3505887324675588,-143.77720762050674,0.2191295035965126,0.1394971613949716,0.100162206001622,0.2846715328467153,0.2684509326845093,7.602595296025953,0.0652879156528791,1007,122,0,25.496,550,1000,123,0,543,25.809,0.376,9.21,0.0312246553122465,17.3,-3.97
36,38,41,42,22,21,0.0482503591417197,0.0541961594705124,-2818.0556391551,1565.4079754601228,80.15610002731917,80.15610002743148,-0.696705264117587,-147.7954404783455,0.1549419049458077,0.0598159509202454,0.0219836400817995,0.3542944785276073,0.2372188139059304,5.878834355828221,0.1707566462167689,5253,320,23,299.058,2635,500,46,3,302,29.68,4.649,29.05,0.0265848670756646,26.6,-58.67
36,38,41,42,22,21,0.0448031746924503,0.0504080149738903,-2961.690047392515,1618.9330851063828,79.37905595250355,79.37905595235533,-0.6694405597382979,-147.73566871618434,0.1462836335606383,0.051595744680851,0.0335106382978723,0.3898936170212766,0.2441489361702127,6.282446808510638,0.1345744680851064,5253,320,23,299.058,2635,500,46,3,302,29.68,4.649,16.42,0.025,61.5,-29.12
36,38,41,42,22,21,0.0496484790203654,0.0558798921722714,-2760.797702274218,1502.0177966101694,78.23082461847173,78.23082461855793,-0.6291517409985876,-147.10520877654022,0.1570138244571563,0.0626177024482109,0.0376647834274952,0.3370998116760829,0.2410546139359698,6.056497175141243,0.1516007532956685,5253,320,23,299.058,2635,500,46,3,302,29.68,4.649,34.99,0.0386064030131826,35.0,-1531.16
38,36,42,41,21,22,,,,,,,,,,,,,,,,272,17,0,0.0,70,100,21,0,28,0.005,0.0,31.86,,52.0,-24.5
38,36,42,41,21,22,,,,,,,,,,,,,,,,272,17,0,0.0,70,100,21,0,28,0.005,0.0,38.7,,27.7,-17.33
38,36,42,41,21,22,,,,,,,,,,,,,,,,272,17,0,0.0,70,100,21,0,28,0.005,0.0,29.44,,22.0,-29.51
27,35,42,49,24,23,0.0464905176360118,0.05194900636435,-2937.51972412559,1628.7225725094574,80.0817311455035,80.08173114540185,-0.6940958296649853,-147.42811753728006,0.1466674143165195,0.0453972257250945,0.0189155107187894,0.3770491803278688,0.217738545607398,6.310214375788147,0.1332492643968053,4064,342,5,73.109,1249,2800,232,10,1245,135.141,1.387,8.65,0.0311055065153425,8.8,-5.57
27,35,42,49,24,23,0.0486942954279942,0.0544037963923496,-2790.1238217264195,1533.89443438914,79.1972355991644,79.19723559926652,-0.6630608982126697,-146.96777042378162,0.1473937223190045,0.0552036199095022,0.0239819004524886,0.3628959276018099,0.2221719457013574,6.119004524886877,0.1384615384615384,4064,342,5,73.109,1249,2800,232,10,1245,135.141,1.387,14.18,0.0339366515837104,9.1,-8.93
27,35,42,49,24,23,0.0483833606262257,0.0543122352102456,-2879.221019978176,1566.156282051282,78.3305059153988,78.33050591538847,-0.632649330362393,-147.04807720907007,0.1373413276051282,0.038034188034188,0.0303418803418803,0.3542735042735043,0.2269230769230769,6.244017094017094,0.0965811965811965,4064,342,5,73.109,1249,2800,232,10,1245,135.141,1.387,6.77,0.0658119658119658,9.8,-4.29
49,48,39,38,13,13,0.05064167263536,0.0570520078876418,-2731.851611753096,1438.8877153218496,75.28180571249338,75.28180571257978,-0.5256773934247506,-145.74920036106363,0.176926876111514,0.0766092475067996,0.0557570262919311,0.3268359020852221,0.2833182230281051,6.504986400725294,0.0974614687216681,566,30,0,2.72,110,300,29,0,93,1.433,0.15,12.65,0.0303717135086128,21.0,-40.96
49,48,39,38,13,13,0.0490019024601985,0.0551037704364679,-2811.469740530045,1511.4763204225353,77.1520502433668,77.15205024337587,-0.5913000085396126,-146.3787646149739,0.1629901619348591,0.059419014084507,0.0391725352112676,0.352112676056338,0.2645246478873239,6.449383802816901,0.1056338028169014,566,30,0,2.72,110,300,29,0,93,1.433,0.15,5.51,0.0330105633802816,17.5,-8.65
49,48,39,38,13,13,0.0483592898320547,0.0547150553764681,-2878.2644737516653,1489.838667717777,73.6158655796386,73.61586557981396,-0.4672233536736303,-145.286381521697,0.1988408024426488,0.1095782420181316,0.0737091052424123,0.3141505715411903,0.2680331099724083,7.229404808829326,0.0776507686243594,566,30,0,2.72,110,300,29,0,93,1.433,0.15,4.0,0.0287741426882144,38.1,-4.28
