RA_cms_cyr,RA_cms_cmn,RA_cms_cmx,RA_SO,RA_dm,RA_lm,RA_xam2,run_mm_cyr,dor_pc_pva,gwt_cm_cav,ele_mt_cav,slp_dg_cav,sgr_dk_rav,tmp_dc_cyr,tmp_dc_cdi,tmp_dc_uyr,pre_mm_cyr,pre_mm_cdi,pre_mm_uyr,aet_mm_cyr,aet_mm_cdi,aet_mm_uyr,cmi_ix_cyr,cmi_ix_cdi,cmi_ix_uyr,snw_pc_cyr,snw_pc_cmx,snw_pc_uyr,for_pc_cse,for_pc_use,crp_pc_cse,crp_pc_use,pst_pc_cse,pst_pc_use,ire_pc_cse,ire_pc_use,gla_pc_cse,gla_pc_use,prm_pc_cse,prm_pc_use,pac_pc_cse,pac_pc_use,cly_pc_cav,cly_pc_uav,slt_pc_cav,slt_pc_uav,snd_pc_cav,snd_pc_uav,soc_th_cav,soc_th_uav,swc_pc_cyr,swc_pc_cdi,swc_pc_uyr,kar_pc_cse,kar_pc_use,ero_kh_cav,ero_kh_uav,pop_ct_csu,pop_ct_usu,ppd_pk_cav,ppd_pk_uav,urb_pc_cse,urb_pc_use,nli_ix_cav,nli_ix_uav,rdd_mk_cav,rdd_mk_uav,hft_ix_c09,hft_ix_u09,gdp_md_cav,gdp_md_usu,hdi_ix_cav
0.549,0.06,1.731,2,0.394221,1.45,1.55241,68,0,877,717,168,172,85,208,65,372,58,601,322,56,435,-62,176,-31,18,60,23,73,56,2,1,33,45,0,0,0,0,0,0,0,0,19,18,43,43,38,39,42,57,39,50,58,0,0,1623,1382,0.0,0.003,0.0,0.016,0,0,0,0,102,58,92,36,0.055867,0.050718,948
0.549,0.06,1.731,2,0.394221,1.45,1.55241,68,0,877,717,168,172,85,208,65,372,58,601,322,56,435,-62,176,-31,18,60,23,73,56,2,1,33,45,0,0,0,0,0,0,0,0,19,18,43,43,38,39,42,57,39,50,58,0,0,1623,1382,0.0,0.003,0.0,0.016,0,0,0,0,102,58,92,36,0.055867,0.050718,948
0.549,0.06,1.731,2,0.394221,1.45,1.55241,68,0,877,717,168,172,85,208,65,372,58,601,322,56,435,-62,176,-31,18,60,23,73,56,2,1,33,45,0,0,0,0,0,0,0,0,19,18,43,43,38,39,42,57,39,50,58,0,0,1623,1382,0.0,0.003,0.0,0.016,0,0,0,0,102,58,92,36,0.055867,0.050718,948
0.705,0.073,2.289,2,0.412787,2.05,2.01561,69,0,903,622,120,131,88,211,67,339,52,561,292,51,421,-66,174,-36,7,37,21,0,51,4,2,91,47,0,0,0,0,0,0,0,0,22,18,42,43,37,39,26,51,34,45,56,0,0,1546,1441,0.0,0.003,0.0,0.012,0,0,0,0,170,64,80,38,0.055867,0.050718,948
0.705,0.073,2.289,2,0.412787,2.05,2.01561,69,0,903,622,120,131,88,211,67,339,52,561,292,51,421,-66,174,-36,7,37,21,0,51,4,2,91,47,0,0,0,0,0,0,0,0,22,18,42,43,37,39,26,51,34,45,56,0,0,1546,1441,0.0,0.003,0.0,0.012,0,0,0,0,170,64,80,38,0.055867,0.050718,948
0.705,0.073,2.289,2,0.412787,2.05,2.01561,69,0,903,622,120,131,88,211,67,339,52,561,292,51,421,-66,174,-36,7,37,21,0,51,4,2,91,47,0,0,0,0,0,0,0,0,22,18,42,43,37,39,26,51,34,45,56,0,0,1546,1441,0.0,0.003,0.0,0.012,0,0,0,0,170,64,80,38,0.055867,0.050718,948
0.881,0.102,2.686,2,0.441065,5.06,2.29249,71,0,547,444,66,115,97,220,70,262,39,561,228,40,397,-75,168,-36,4,26,20,0,34,4,3,96,77,0,0,0,0,0,0,0,0,20,18,40,42,40,41,19,50,25,34,53,0,0,958,780,0.0,0.0,0.0,0.001,0,0,0,0,92,16,61,36,0.055867,0.003881,948
0.881,0.102,2.686,2,0.441065,5.06,2.29249,71,0,547,444,66,115,97,220,70,262,39,561,228,40,397,-75,168,-36,4,26,20,0,34,4,3,96,77,0,0,0,0,0,0,0,0,20,18,40,42,40,41,19,50,25,34,53,0,0,958,780,0.0,0.0,0.0,0.001,0,0,0,0,92,16,61,36,0.055867,0.003881,948
0.881,0.102,2.686,2,0.441065,5.06,2.29249,71,0,547,444,66,115,97,220,70,262,39,561,228,40,397,-75,168,-36,4,26,20,0,34,4,3,96,77,0,0,0,0,0,0,0,0,20,18,40,42,40,41,19,50,25,34,53,0,0,958,780,0.0,0.0,0.0,0.001,0,0,0,0,92,16,61,36,0.055867,0.003881,948
1.336,0.264,3.182,2,0.354995,14.45,2.55031,232,0,570,887,90,194,65,202,51,552,87,940,428,73,472,-37,182,5,16,73,28,36,52,6,3,94,77,3,1,0,0,0,0,0,0,20,13,43,43,38,44,35,68,57,66,70,0,0,1714,4833,0.037,0.038,0.564,0.248,0,0,582,300,23,9,67,59,0.055867,0.457316,948
1.336,0.264,3.182,2,0.354995,14.45,2.55031,232,0,570,887,90,194,65,202,51,552,87,940,428,73,472,-37,182,5,16,73,28,36,52,6,3,94,77,3,1,0,0,0,0,0,0,20,13,43,43,38,44,35,68,57,66,70,0,0,1714,4833,0.037,0.038,0.564,0.248,0,0,582,300,23,9,67,59,0.055867,0.457316,948
1.336,0.264,3.182,2,0.354995,14.45,2.55031,232,0,570,887,90,194,65,202,51,552,87,940,428,73,472,-37,182,5,16,73,28,36,52,6,3,94,77,3,1,0,0,0,0,0,0,20,13,43,43,38,44,35,68,57,66,70,0,0,1714,4833,0.037,0.038,0.564,0.248,0,0,582,300,23,9,67,59,0.055867,0.457316,948
0.058,0.008,0.172,1,0.0896727,2.36,0.522458,76,0,651,462,65,24,92,226,92,218,28,218,193,34,193,-79,160,-79,4,33,4,28,28,7,7,74,74,9,9,0,0,0,0,0,0,16,16,35,35,49,49,18,18,22,27,22,0,0,664,663,5.824,5.824,237.74,237.775,30,30,4843,4800,2414,2414,264,264,0.055867,332.375,948
0.058,0.008,0.172,1,0.0896727,2.36,0.522458,76,0,651,462,65,24,92,226,92,218,28,218,193,34,193,-79,160,-79,4,33,4,28,28,7,7,74,74,9,9,0,0,0,0,0,0,16,16,35,35,49,49,18,18,22,27,22,0,0,664,663,5.824,5.824,237.74,237.775,30,30,4843,4800,2414,2414,264,264,0.055867,332.375,948
0.058,0.008,0.172,1,0.0896727,2.36,0.522458,76,0,651,462,65,24,92,226,92,218,28,218,193,34,193,-79,160,-79,4,33,4,28,28,7,7,74,74,9,9,0,0,0,0,0,0,16,16,35,35,49,49,18,18,22,27,22,0,0,664,663,5.824,5.824,237.74,237.775,30,30,4843,4800,2414,2414,264,264,0.055867,332.375,948
2.011,0.386,4.909,3,0.560784,11.1,3.99622,119,0,571,490,52,111,87,219,62,268,38,684,233,40,401,-74,169,-24,9,53,21,26,36,31,13,40,73,35,12,0,0,0,0,10,1,19,16,40,43,42,41,24,50,27,35,56,0,0,655,3013,1.347,5.558,60.808,18.504,2,0,3733,1000,1872,226,264,96,0.055867,275.042,948
2.011,0.386,4.909,3,0.560784,11.1,3.99622,119,0,571,490,52,111,87,219,62,268,38,684,233,40,401,-74,169,-24,9,53,21,26,36,31,13,40,73,35,12,0,0,0,0,10,1,19,16,40,43,42,41,24,50,27,35,56,0,0,655,3013,1.347,5.558,60.808,18.504,2,0,3733,1000,1872,226,264,96,0.055867,275.042,948
2.011,0.386,4.909,3,0.560784,11.1,3.99622,119,0,571,490,52,111,87,219,62,268,38,684,233,40,401,-74,169,-24,9,53,21,26,36,31,13,40,73,35,12,0,0,0,0,10,1,19,16,40,43,42,41,24,50,27,35,56,0,0,655,3013,1.347,5.558,60.808,18.504,2,0,3733,1000,1872,226,264,96,0.055867,275.042,948
0.669,0.147,1.42,2,0.276592,2.4,1.39333,481,0,613,1152,151,605,50,185,35,1199,188,1619,521,79,521,34,181,56,35,89,40,91,98,0,0,59,33,0,0,0,0,0,0,0,57,6,7,40,42,54,51,102,115,78,58,86,0,0,5532,5128,0.001,0.003,0.19,0.069,0,0,417,100,48,18,62,43,0.055867,0.002247,948
0.669,0.147,1.42,2,0.276592,2.4,1.39333,481,0,613,1152,151,605,50,185,35,1199,188,1619,521,79,521,34,181,56,35,89,40,91,98,0,0,59,33,0,0,0,0,0,0,0,57,6,7,40,42,54,51,102,115,78,58,86,0,0,5532,5128,0.001,0.003,0.19,0.069,0,0,417,100,48,18,62,43,0.055867,0.002247,948
0.669,0.147,1.42,2,0.276592,2.4,1.39333,481,0,613,1152,151,605,50,185,35,1199,188,1619,521,79,521,34,181,56,35,89,40,91,98,0,0,59,33,0,0,0,0,0,0,0,57,6,7,40,42,54,51,102,115,78,58,86,0,0,5532,5128,0.001,0.003,0.19,0.069,0,0,417,100,48,18,62,43,0.055867,0.002247,948
0.331,0.069,0.747,1,0.162056,6.29,0.827027,426,0,610,1275,135,461,45,184,45,1211,187,1211,510,79,510,32,180,32,41,92,41,95,95,0,0,13,13,0,0,0,0,0,0,0,0,6,6,39,39,55,55,96,96,79,56,79,0,0,4706,4707,0.001,0.001,0.048,0.048,0,0,29,0,56,56,58,58,0.055867,0.130195,948
0.331,0.069,0.747,1,0.162056,6.29,0.827027,426,0,610,1275,135,461,45,184,45,1211,187,1211,510,79,510,32,180,32,41,92,41,95,95,0,0,13,13,0,0,0,0,0,0,0,0,6,6,39,39,55,55,96,96,79,56,79,0,0,4706,4707,0.001,0.001,0.048,0.048,0,0,29,0,56,56,58,58,0.055867,0.130195,948
0.331,0.069,0.747,1,0.162056,6.29,0.827027,426,0,610,1275,135,461,45,184,45,1211,187,1211,510,79,510,32,180,32,41,92,41,95,95,0,0,13,13,0,0,0,0,0,0,0,0,6,6,39,39,55,55,96,96,79,56,79,0,0,4706,4707,0.001,0.001,0.048,0.048,0,0,29,0,56,56,58,58,0.055867,0.130195,948
0.354,0.074,0.794,2,0.322388,0.56,0.771429,496,0,0,1015,197,0,57,187,32,1039,170,1617,516,80,517,22,184,57,35,85,44,100,100,0,0,0,32,0,0,0,0,0,0,0,0,6,6,39,42,55,52,94,96,74,64,86,0,0,2758,4450,0.0,0.0,0.0,0.021,0,0,0,0,100,45,38,34,0.055867,0.016728,948
0.354,0.074,0.794,2,0.322388,0.56,0.771429,496,0,0,1015,197,0,57,187,32,1039,170,1617,516,80,517,22,184,57,35,85,44,100,100,0,0,0,32,0,0,0,0,0,0,0,0,6,6,39,42,55,52,94,96,74,64,86,0,0,2758,4450,0.0,0.0,0.0,0.021,0,0,0,0,100,45,38,34,0.055867,0.016728,948
0.354,0.074,0.794,2,0.322388,0.56,0.771429,496,0,0,1015,197,0,57,187,32,1039,170,1617,516,80,517,22,184,57,35,85,44,100,100,0,0,0,32,0,0,0,0,0,0,0,0,6,6,39,42,55,52,94,96,74,64,86,0,0,2758,4450,0.0,0.0,0.0,0.021,0,0,0,0,100,45,38,34,0.055867,0.016728,948
4.006,0.935,7.756,3,0.558143,1.27,6.15276,460,0,640,1059,125,449,55,190,32,1003,158,1717,508,78,518,17,182,59,38,90,41,88,90,0,0,8,26,0,0,0,0,0,0,0,83,7,8,42,45,51,48,96,119,75,62,87,0,0,7627,7828,0.001,0.026,0.143,0.107,0,0,0,0,0,1,25,28,0.055867,3.46763,948
4.006,0.935,7.756,3,0.558143,1.27,6.15276,460,0,640,1059,125,449,55,190,32,1003,158,1717,508,78,518,17,182,59,38,90,41,88,90,0,0,8,26,0,0,0,0,0,0,0,83,7,8,42,45,51,48,96,119,75,62,87,0,0,7627,7828,0.001,0.026,0.143,0.107,0,0,0,0,0,1,25,28,0.055867,3.46763,948
4.006,0.935,7.756,3,0.558143,1.27,6.15276,460,0,640,1059,125,449,55,190,32,1003,158,1717,508,78,518,17,182,59,38,90,41,88,90,0,0,8,26,0,0,0,0,0,0,0,83,7,8,42,45,51,48,96,119,75,62,87,0,0,7627,7828,0.001,0.026,0.143,0.107,0,0,0,0,0,1,25,28,0.055867,3.46763,948
4.006,0.935,7.756,3,0.558143,1.27,6.15276,460,0,640,1059,125,449,55,190,32,1003,158,1717,508,78,518,17,182,59,38,90,41,88,90,0,0,8,26,0,0,0,0,0,0,0,83,7,8,42,45,51,48,96,119,75,62,87,0,0,7627,7828,0.001,0.026,0.143,0.107,0,0,0,0,0,1,25,28,0.055867,3.46763,948
4.006,0.935,7.756,3,0.558143,1.27,6.15276,460,0,640,1059,125,449,55,190,32,1003,158,1717,508,78,518,17,182,59,38,90,41,88,90,0,0,8,26,0,0,0,0,0,0,0,83,7,8,42,45,51,48,96,119,75,62,87,0,0,7627,7828,0.001,0.026,0.143,0.107,0,0,0,0,0,1,25,28,0.055867,3.46763,948
4.006,0.935,7.756,3,0.558143,1.27,6.15276,460,0,640,1059,125,449,55,190,32,1003,158,1717,508,78,518,17,182,59,38,90,41,88,90,0,0,8,26,0,0,0,0,0,0,0,83,7,8,42,45,51,48,96,119,75,62,87,0,0,7627,7828,0.001,0.026,0.143,0.107,0,0,0,0,0,1,25,28,0.055867,3.46763,948
26.803,6.446,50.751,4,1.163,16.82,32.3158,269,49,598,956,154,71,60,200,41,679,103,1615,445,73,519,-20,182,49,23,81,40,70,91,1,0,81,19,1,0,0,0,0,0,0,40,12,7,43,45,45,48,57,117,62,63,84,0,0,5332,4186,0.304,0.94,3.175,0.56,0,0,573,100,103,43,79,36,0.055867,54.8274,948
26.803,6.446,50.751,4,1.163,16.82,32.3158,269,49,598,956,154,71,60,200,41,679,103,1615,445,73,519,-20,182,49,23,81,40,70,91,1,0,81,19,1,0,0,0,0,0,0,40,12,7,43,45,45,48,57,117,62,63,84,0,0,5332,4186,0.304,0.94,3.175,0.56,0,0,573,100,103,43,79,36,0.055867,54.8274,948
26.803,6.446,50.751,4,1.163,16.82,32.3158,269,49,598,956,154,71,60,200,41,679,103,1615,445,73,519,-20,182,49,23,81,40,70,91,1,0,81,19,1,0,0,0,0,0,0,40,12,7,43,45,45,48,57,117,62,63,84,0,0,5332,4186,0.304,0.94,3.175,0.56,0,0,573,100,103,43,79,36,0.055867,54.8274,948
0.062,0.005,0.234,2,0.162217,5.52,0.246558,24,0,1021,263,73,62,111,220,107,209,27,224,185,32,197,-81,153,-79,1,8,2,53,16,45,60,9,7,34,26,0,0,0,0,0,0,16,16,38,37,46,47,17,17,20,25,22,0,0,837,748,0.294,0.867,17.348,10.139,0,0,1470,1400,246,256,150,106,0.055867,99.6699,948
0.062,0.005,0.234,2,0.162217,5.52,0.246558,24,0,1021,263,73,62,111,220,107,209,27,224,185,32,197,-81,153,-79,1,8,2,53,16,45,60,9,7,34,26,0,0,0,0,0,0,16,16,38,37,46,47,17,17,20,25,22,0,0,837,748,0.294,0.867,17.348,10.139,0,0,1470,1400,246,256,150,106,0.055867,99.6699,948
0.062,0.005,0.234,2,0.162217,5.52,0.246558,24,0,1021,263,73,62,111,220,107,209,27,224,185,32,197,-81,153,-79,1,8,2,53,16,45,60,9,7,34,26,0,0,0,0,0,0,16,16,38,37,46,47,17,17,20,25,22,0,0,837,748,0.294,0.867,17.348,10.139,0,0,1470,1400,246,256,150,106,0.055867,99.6699,948
0.022,0.001,0.085,1,0.0901205,5.49,0.136248,39,0,605,296,29,65,109,217,109,204,26,204,179,31,179,-82,152,-82,4,30,4,0,0,60,60,36,36,39,39,0,0,0,0,0,0,15,15,36,36,49,49,15,15,19,24,19,0,0,427,427,0.191,0.191,11.219,11.214,0,0,1152,1200,523,522,100,100,0.055867,90.2185,948
0.022,0.001,0.085,1,0.0901205,5.49,0.136248,39,0,605,296,29,65,109,217,109,204,26,204,179,31,179,-82,152,-82,4,30,4,0,0,60,60,36,36,39,39,0,0,0,0,0,0,15,15,36,36,49,49,15,15,19,24,19,0,0,427,427,0.191,0.191,11.219,11.214,0,0,1152,1200,523,522,100,100,0.055867,90.2185,948
0.022,0.001,0.085,1,0.0901205,5.49,0.136248,39,0,605,296,29,65,109,217,109,204,26,204,179,31,179,-82,152,-82,4,30,4,0,0,60,60,36,36,39,39,0,0,0,0,0,0,15,15,36,36,49,49,15,15,19,24,19,0,0,427,427,0.191,0.191,11.219,11.214,0,0,1152,1200,523,522,100,100,0.055867,90.2185,948
86.247,16.013,171.226,6,1.98533,12.3,96.976,79,486,632,341,47,26,101,231,56,203,28,1007,179,31,423,-81,157,-1,3,25,29,28,63,36,7,64,28,32,7,0,0,0,0,0,13,15,12,36,43,49,45,21,74,19,25,63,0,3,377,3064,0.801,199.545,19.92,21.079,0,1,2676,700,1287,217,231,61,0.055867,11533.8,948
86.247,16.013,171.226,6,1.98533,12.3,96.976,79,486,632,341,47,26,101,231,56,203,28,1007,179,31,423,-81,157,-1,3,25,29,28,63,36,7,64,28,32,7,0,0,0,0,0,13,15,12,36,43,49,45,21,74,19,25,63,0,3,377,3064,0.801,199.545,19.92,21.079,0,1,2676,700,1287,217,231,61,0.055867,11533.8,948
86.247,16.013,171.226,6,1.98533,12.3,96.976,79,486,632,341,47,26,101,231,56,203,28,1007,179,31,423,-81,157,-1,3,25,29,28,63,36,7,64,28,32,7,0,0,0,0,0,13,15,12,36,43,49,45,21,74,19,25,63,0,3,377,3064,0.801,199.545,19.92,21.079,0,1,2676,700,1287,217,231,61,0.055867,11533.8,948
33.846,8.038,69.427,5,1.36914,23.06,42.8412,139,268,733,563,71,56,83,218,43,324,47,1517,267,46,506,-66,171,41,11,58,39,27,87,25,1,64,27,27,2,0,0,0,0,0,36,18,8,40,44,42,48,26,110,32,40,81,0,0,1452,4255,7.473,8.524,61.592,3.332,0,0,2617,200,950,92,149,45,0.055867,420.288,948
33.846,8.038,69.427,5,1.36914,23.06,42.8412,139,268,733,563,71,56,83,218,43,324,47,1517,267,46,506,-66,171,41,11,58,39,27,87,25,1,64,27,27,2,0,0,0,0,0,36,18,8,40,44,42,48,26,110,32,40,81,0,0,1452,4255,7.473,8.524,61.592,3.332,0,0,2617,200,950,92,149,45,0.055867,420.288,948
33.846,8.038,69.427,5,1.36914,23.06,42.8412,139,268,733,563,71,56,83,218,43,324,47,1517,267,46,506,-66,171,41,11,58,39,27,87,25,1,64,27,27,2,0,0,0,0,0,36,18,8,40,44,42,48,26,110,32,40,81,0,0,1452,4255,7.473,8.524,61.592,3.332,0,0,2617,200,950,92,149,45,0.055867,420.288,948
33.846,8.038,69.427,5,1.36914,23.06,42.8412,139,268,733,563,71,56,83,218,43,324,47,1517,267,46,506,-66,171,41,11,58,39,27,87,25,1,64,27,27,2,0,0,0,0,0,36,18,8,40,44,42,48,26,110,32,40,81,0,0,1452,4255,7.473,8.524,61.592,3.332,0,0,2617,200,950,92,149,45,0.055867,420.288,948
33.846,8.038,69.427,5,1.36914,23.06,42.8412,139,268,733,563,71,56,83,218,43,324,47,1517,267,46,506,-66,171,41,11,58,39,27,87,25,1,64,27,27,2,0,0,0,0,0,36,18,8,40,44,42,48,26,110,32,40,81,0,0,1452,4255,7.473,8.524,61.592,3.332,0,0,2617,200,950,92,149,45,0.055867,420.288,948
8.573,1.884,17.079,3,0.841697,0.56,12.2196,662,0,265,904,86,0,60,187,39,1156,180,1896,536,82,534,30,182,64,39,87,42,100,92,0,0,0,1,0,0,0,0,0,0,0,27,7,7,42,46,51,46,106,130,77,60,89,0,0,829,2328,0.0,0.0,0.0,0.0,0,0,0,0,0,12,29,21,0.055867,0.0,948
8.573,1.884,17.079,3,0.841697,0.56,12.2196,662,0,265,904,86,0,60,187,39,1156,180,1896,536,82,534,30,182,64,39,87,42,100,92,0,0,0,1,0,0,0,0,0,0,0,27,7,7,42,46,51,46,106,130,77,60,89,0,0,829,2328,0.0,0.0,0.0,0.0,0,0,0,0,0,12,29,21,0.055867,0.0,948
8.573,1.884,17.079,3,0.841697,0.56,12.2196,662,0,265,904,86,0,60,187,39,1156,180,1896,536,82,534,30,182,64,39,87,42,100,92,0,0,0,1,0,0,0,0,0,0,0,27,7,7,42,46,51,46,106,130,77,60,89,0,0,829,2328,0.0,0.0,0.0,0.0,0,0,0,0,0,12,29,21,0.055867,0.0,948
0.843,0.196,1.729,2,0.333333,2.0,1.61,649,0,474,1015,125,310,54,186,37,1245,193,1560,533,81,519,37,180,56,39,87,43,100,97,0,0,0,2,0,0,0,0,0,0,0,0,7,6,43,43,50,51,104,103,79,56,86,0,0,1053,2333,0.0,0.0,0.0,0.0,0,0,0,0,0,0,25,23,0.055867,0.0,948
0.843,0.196,1.729,2,0.333333,2.0,1.61,649,0,474,1015,125,310,54,186,37,1245,193,1560,533,81,519,37,180,56,39,87,43,100,97,0,0,0,2,0,0,0,0,0,0,0,0,7,6,43,43,50,51,104,103,79,56,86,0,0,1053,2333,0.0,0.0,0.0,0.0,0,0,0,0,0,0,25,23,0.055867,0.0,948
0.843,0.196,1.729,2,0.333333,2.0,1.61,649,0,474,1015,125,310,54,186,37,1245,193,1560,533,81,519,37,180,56,39,87,43,100,97,0,0,0,2,0,0,0,0,0,0,0,0,7,6,43,43,50,51,104,103,79,56,86,0,0,1053,2333,0.0,0.0,0.0,0.0,0,0,0,0,0,0,25,23,0.055867,0.0,948
11.51,2.931,20.184,4,0.877464,5.16,14.0955,628,115,744,984,124,97,57,187,36,1177,183,1964,532,81,534,32,181,65,38,85,44,89,98,0,0,0,17,0,0,0,0,0,0,0,75,8,7,45,45,48,48,114,134,78,58,90,0,0,2068,4367,0.0,0.033,0.003,0.063,0,0,0,0,160,55,71,35,0.055867,0.330475,948
11.51,2.931,20.184,4,0.877464,5.16,14.0955,628,115,744,984,124,97,57,187,36,1177,183,1964,532,81,534,32,181,65,38,85,44,89,98,0,0,0,17,0,0,0,0,0,0,0,75,8,7,45,45,48,48,114,134,78,58,90,0,0,2068,4367,0.0,0.033,0.003,0.063,0,0,0,0,160,55,71,35,0.055867,0.330475,948
11.51,2.931,20.184,4,0.877464,5.16,14.0955,628,115,744,984,124,97,57,187,36,1177,183,1964,532,81,534,32,181,65,38,85,44,89,98,0,0,0,17,0,0,0,0,0,0,0,75,8,7,45,45,48,48,114,134,78,58,90,0,0,2068,4367,0.0,0.033,0.003,0.063,0,0,0,0,160,55,71,35,0.055867,0.330475,948
17.22,4.255,29.837,4,0.980312,4.27,20.0218,950,0,414,870,145,40,60,187,34,1390,215,1856,556,84,522,41,180,65,38,88,50,84,81,0,0,0,1,0,0,0,0,0,0,0,51,7,9,43,47,50,44,82,103,80,55,90,0,6,2415,8951,0.001,0.007,0.139,0.018,0,0,24,0,133,19,23,20,0.055867,0.248643,948
17.22,4.255,29.837,4,0.980312,4.27,20.0218,950,0,414,870,145,40,60,187,34,1390,215,1856,556,84,522,41,180,65,38,88,50,84,81,0,0,0,1,0,0,0,0,0,0,0,51,7,9,43,47,50,44,82,103,80,55,90,0,6,2415,8951,0.001,0.007,0.139,0.018,0,0,24,0,133,19,23,20,0.055867,0.248643,948
17.22,4.255,29.837,4,0.980312,4.27,20.0218,950,0,414,870,145,40,60,187,34,1390,215,1856,556,84,522,41,180,65,38,88,50,84,81,0,0,0,1,0,0,0,0,0,0,0,51,7,9,43,47,50,44,82,103,80,55,90,0,6,2415,8951,0.001,0.007,0.139,0.018,0,0,24,0,133,19,23,20,0.055867,0.248643,948
0.538,0.147,0.91,2,0.264653,1.99,0.880402,1190,0,487,1297,211,1522,36,179,25,1871,283,1911,528,86,507,66,170,69,48,92,51,100,94,0,0,0,0,0,0,0,0,0,0,100,99,9,11,48,50,43,39,130,127,90,36,92,0,0,2814,4964,0.0,0.0,0.002,0.018,0,0,0,0,0,0,20,20,0.055867,0.0,948
0.538,0.147,0.91,2,0.264653,1.99,0.880402,1190,0,487,1297,211,1522,36,179,25,1871,283,1911,528,86,507,66,170,69,48,92,51,100,94,0,0,0,0,0,0,0,0,0,0,100,99,9,11,48,50,43,39,130,127,90,36,92,0,0,2814,4964,0.0,0.0,0.002,0.018,0,0,0,0,0,0,20,20,0.055867,0.0,948
0.538,0.147,0.91,2,0.264653,1.99,0.880402,1190,0,487,1297,211,1522,36,179,25,1871,283,1911,528,86,507,66,170,69,48,92,51,100,94,0,0,0,0,0,0,0,0,0,0,100,99,9,11,48,50,43,39,130,127,90,36,92,0,0,2814,4964,0.0,0.0,0.002,0.018,0,0,0,0,0,0,20,20,0.055867,0.0,948
0.643,0.128,1.584,1,0.20639,22.05,1.15138,161,0,679,871,79,224,64,213,64,464,68,464,376,65,376,-47,180,-47,18,81,18,49,49,4,4,51,51,5,5,0,0,0,0,0,0,19,19,41,41,40,40,30,30,49,57,49,0,0,1256,1256,0.032,0.032,0.235,0.235,0,0,591,600,25,24,52,52,0.055867,2.08547,948
0.643,0.128,1.584,1,0.20639,22.05,1.15138,161,0,679,871,79,224,64,213,64,464,68,464,376,65,376,-47,180,-47,18,81,18,49,49,4,4,51,51,5,5,0,0,0,0,0,0,19,19,41,41,40,40,30,30,49,57,49,0,0,1256,1256,0.032,0.032,0.235,0.235,0,0,591,600,25,24,52,52,0.055867,2.08547,948
0.643,0.128,1.584,1,0.20639,22.05,1.15138,161,0,679,871,79,224,64,213,64,464,68,464,376,65,376,-47,180,-47,18,81,18,49,49,4,4,51,51,5,5,0,0,0,0,0,0,19,19,41,41,40,40,30,30,49,57,49,0,0,1256,1256,0.032,0.032,0.235,0.235,0,0,591,600,25,24,52,52,0.055867,2.08547,948
2.019,0.441,4.57,3,0.333955,7.59,3.96126,194,0,562,927,104,111,61,207,54,567,85,769,415,69,460,-33,181,-9,19,77,28,35,64,2,1,93,55,0,0,0,0,0,0,0,0,19,11,42,42,39,47,35,61,56,61,66,0,0,2045,2866,0.032,0.073,0.485,0.289,0,0,549,200,13,7,52,49,0.055867,3.36001,948
2.019,0.441,4.57,3,0.333955,7.59,3.96126,194,0,562,927,104,111,61,207,54,567,85,769,415,69,460,-33,181,-9,19,77,28,35,64,2,1,93,55,0,0,0,0,0,0,0,0,19,11,42,42,39,47,35,61,56,61,66,0,0,2045,2866,0.032,0.073,0.485,0.289,0,0,549,200,13,7,52,49,0.055867,3.36001,948
2.019,0.441,4.57,3,0.333955,7.59,3.96126,194,0,562,927,104,111,61,207,54,567,85,769,415,69,460,-33,181,-9,19,77,28,35,64,2,1,93,55,0,0,0,0,0,0,0,0,19,11,42,42,39,47,35,61,56,61,66,0,0,2045,2866,0.032,0.073,0.485,0.289,0,0,549,200,13,7,52,49,0.055867,3.36001,948
4.755,0.503,14.885,4,0.838932,3.05,10.7108,48,0,9,204,1,7,114,227,80,184,24,439,162,28,339,-84,150,-52,2,21,13,0,28,75,7,26,75,24,2,0,0,0,0,0,0,15,18,38,40,47,42,19,37,17,22,43,0,0,261,950,0.066,0.25,8.243,0.164,0,0,937,100,214,39,121,43,0.055867,13.0603,948
4.755,0.503,14.885,4,0.838932,3.05,10.7108,48,0,9,204,1,7,114,227,80,184,24,439,162,28,339,-84,150,-52,2,21,13,0,28,75,7,26,75,24,2,0,0,0,0,0,0,15,18,38,40,47,42,19,37,17,22,43,0,0,261,950,0.066,0.25,8.243,0.164,0,0,937,100,214,39,121,43,0.055867,13.0603,948
4.755,0.503,14.885,4,0.838932,3.05,10.7108,48,0,9,204,1,7,114,227,80,184,24,439,162,28,339,-84,150,-52,2,21,13,0,28,75,7,26,75,24,2,0,0,0,0,0,0,15,18,38,40,47,42,19,37,17,22,43,0,0,261,950,0.066,0.25,8.243,0.164,0,0,937,100,214,39,121,43,0.055867,13.0603,948
8.763,1.286,25.808,4,1.03188,10.59,17.5781,54,0,229,238,26,9,112,229,85,187,25,480,165,29,323,-83,151,-49,3,22,13,39,34,47,22,50,65,22,17,0,0,0,0,2,0,15,15,38,41,47,45,18,42,18,23,41,0,0,666,1366,0.119,16.443,5.125,10.209,0,0,1166,700,184,192,110,59,0.055867,1027.09,948
8.763,1.286,25.808,4,1.03188,10.59,17.5781,54,0,229,238,26,9,112,229,85,187,25,480,165,29,323,-83,151,-49,3,22,13,39,34,47,22,50,65,22,17,0,0,0,0,2,0,15,15,38,41,47,45,18,42,18,23,41,0,0,666,1366,0.119,16.443,5.125,10.209,0,0,1166,700,184,192,110,59,0.055867,1027.09,948
8.763,1.286,25.808,4,1.03188,10.59,17.5781,54,0,229,238,26,9,112,229,85,187,25,480,165,29,323,-83,151,-49,3,22,13,39,34,47,22,50,65,22,17,0,0,0,0,2,0,15,15,38,41,47,45,18,42,18,23,41,0,0,666,1366,0.119,16.443,5.125,10.209,0,0,1166,700,184,192,110,59,0.055867,1027.09,948
2.089,0.219,6.656,3,0.630185,3.14,5.20605,61,0,416,346,50,51,104,226,74,224,33,494,197,35,372,-79,161,-45,4,28,16,5,32,10,3,87,70,0,0,0,0,0,0,0,0,21,18,43,41,35,40,17,42,22,29,48,0,0,651,1097,0.0,0.011,0.0,0.016,0,0,0,0,106,50,96,44,0.055867,0.41018,948
2.089,0.219,6.656,3,0.630185,3.14,5.20605,61,0,416,346,50,51,104,226,74,224,33,494,197,35,372,-79,161,-45,4,28,16,5,32,10,3,87,70,0,0,0,0,0,0,0,0,21,18,43,41,35,40,17,42,22,29,48,0,0,651,1097,0.0,0.011,0.0,0.016,0,0,0,0,106,50,96,44,0.055867,0.41018,948
2.089,0.219,6.656,3,0.630185,3.14,5.20605,61,0,416,346,50,51,104,226,74,224,33,494,197,35,372,-79,161,-45,4,28,16,5,32,10,3,87,70,0,0,0,0,0,0,0,0,21,18,43,41,35,40,17,42,22,29,48,0,0,651,1097,0.0,0.011,0.0,0.016,0,0,0,0,106,50,96,44,0.055867,0.41018,948
0.259,0.043,0.677,1,0.165972,6.54,0.730887,281,0,624,866,119,371,69,199,69,629,103,629,464,79,464,-30,184,-30,18,70,18,94,94,0,0,60,60,0,0,0,0,0,0,0,0,7,7,42,42,52,52,70,70,61,72,61,0,0,2336,2336,0.003,0.003,0.106,0.106,0,0,14,0,26,26,40,40,0.055867,0.015204,948
0.259,0.043,0.677,1,0.165972,6.54,0.730887,281,0,624,866,119,371,69,199,69,629,103,629,464,79,464,-30,184,-30,18,70,18,94,94,0,0,60,60,0,0,0,0,0,0,0,0,7,7,42,42,52,52,70,70,61,72,61,0,0,2336,2336,0.003,0.003,0.106,0.106,0,0,14,0,26,26,40,40,0.055867,0.015204,948
0.259,0.043,0.677,1,0.165972,6.54,0.730887,281,0,624,866,119,371,69,199,69,629,103,629,464,79,464,-30,184,-30,18,70,18,94,94,0,0,60,60,0,0,0,0,0,0,0,0,7,7,42,42,52,52,70,70,61,72,61,0,0,2336,2336,0.003,0.003,0.106,0.106,0,0,14,0,26,26,40,40,0.055867,0.015204,948
3.318,0.538,9.05,3,0.643082,18.11,6.68045,175,0,622,492,69,111,90,213,62,367,59,852,314,55,467,-64,176,-5,8,41,29,38,63,12,2,78,60,3,0,0,0,0,0,0,0,19,9,42,43,39,48,30,81,36,50,65,0,0,1285,2234,0.281,0.284,4.873,0.835,0,0,428,100,144,94,32,33,0.055867,15.8976,948
3.318,0.538,9.05,3,0.643082,18.11,6.68045,175,0,622,492,69,111,90,213,62,367,59,852,314,55,467,-64,176,-5,8,41,29,38,63,12,2,78,60,3,0,0,0,0,0,0,0,19,9,42,43,39,48,30,81,36,50,65,0,0,1285,2234,0.281,0.284,4.873,0.835,0,0,428,100,144,94,32,33,0.055867,15.8976,948
3.318,0.538,9.05,3,0.643082,18.11,6.68045,175,0,622,492,69,111,90,213,62,367,59,852,314,55,467,-64,176,-5,8,41,29,38,63,12,2,78,60,3,0,0,0,0,0,0,0,19,9,42,43,39,48,30,81,36,50,65,0,0,1285,2234,0.281,0.284,4.873,0.835,0,0,428,100,144,94,32,33,0.055867,15.8976,948
3.717,0.58,10.389,3,0.686616,7.62,7.76903,123,0,184,288,10,52,103,225,67,268,42,753,231,41,438,-76,167,-16,5,30,25,2,57,44,5,44,64,26,2,0,0,0,0,0,0,17,11,38,42,45,47,17,71,25,35,60,0,0,234,2075,0.159,0.464,6.705,1.052,0,0,681,100,303,105,40,34,0.055867,33.8626,948
3.717,0.58,10.389,3,0.686616,7.62,7.76903,123,0,184,288,10,52,103,225,67,268,42,753,231,41,438,-76,167,-16,5,30,25,2,57,44,5,44,64,26,2,0,0,0,0,0,0,17,11,38,42,45,47,17,71,25,35,60,0,0,234,2075,0.159,0.464,6.705,1.052,0,0,681,100,303,105,40,34,0.055867,33.8626,948
3.717,0.58,10.389,3,0.686616,7.62,7.76903,123,0,184,288,10,52,103,225,67,268,42,753,231,41,438,-76,167,-16,5,30,25,2,57,44,5,44,64,26,2,0,0,0,0,0,0,17,11,38,42,45,47,17,71,25,35,60,0,0,234,2075,0.159,0.464,6.705,1.052,0,0,681,100,303,105,40,34,0.055867,33.8626,948
9.61,2.204,17.569,4,0.875695,2.79,12.6427,451,806,740,959,155,100,62,191,37,846,142,1729,498,79,530,-1,184,57,34,88,44,100,93,0,0,60,27,0,0,0,1,0,0,0,45,5,7,36,43,60,49,82,120,71,67,86,0,0,2422,4487,0.003,0.034,0.493,0.077,0,0,272,100,70,47,102,36,0.055867,2.15803,948
9.61,2.204,17.569,4,0.875695,2.79,12.6427,451,806,740,959,155,100,62,191,37,846,142,1729,498,79,530,-1,184,57,34,88,44,100,93,0,0,60,27,0,0,0,1,0,0,0,45,5,7,36,43,60,49,82,120,71,67,86,0,0,2422,4487,0.003,0.034,0.493,0.077,0,0,272,100,70,47,102,36,0.055867,2.15803,948
9.61,2.204,17.569,4,0.875695,2.79,12.6427,451,806,740,959,155,100,62,191,37,846,142,1729,498,79,530,-1,184,57,34,88,44,100,93,0,0,60,27,0,0,0,1,0,0,0,45,5,7,36,43,60,49,82,120,71,67,86,0,0,2422,4487,0.003,0.034,0.493,0.077,0,0,272,100,70,47,102,36,0.055867,2.15803,948
1.4,0.325,2.673,2,0.409759,5.25,2.29543,687,0,918,1125,159,128,53,179,37,1446,227,1916,546,83,542,46,180,64,39,79,44,100,100,0,0,0,12,0,0,0,0,0,0,20,70,7,8,44,47,49,46,119,138,82,53,89,0,0,2809,2830,0.001,0.003,0.162,0.052,0,0,0,300,113,75,77,55,0.055867,0.410966,948
1.4,0.325,2.673,2,0.409759,5.25,2.29543,687,0,918,1125,159,128,53,179,37,1446,227,1916,546,83,542,46,180,64,39,79,44,100,100,0,0,0,12,0,0,0,0,0,0,20,70,7,8,44,47,49,46,119,138,82,53,89,0,0,2809,2830,0.001,0.003,0.162,0.052,0,0,0,300,113,75,77,55,0.055867,0.410966,948
1.4,0.325,2.673,2,0.409759,5.25,2.29543,687,0,918,1125,159,128,53,179,37,1446,227,1916,546,83,542,46,180,64,39,79,44,100,100,0,0,0,12,0,0,0,0,0,0,20,70,7,8,44,47,49,46,119,138,82,53,89,0,0,2809,2830,0.001,0.003,0.162,0.052,0,0,0,300,113,75,77,55,0.055867,0.410966,948
4.367,1.003,8.287,3,0.694932,1.44,6.37986,625,0,351,939,79,28,60,183,36,1183,195,1895,536,83,538,30,183,63,39,82,45,100,91,0,0,0,31,0,0,0,1,0,0,0,70,5,8,40,45,54,46,82,136,76,62,88,0,0,1865,5352,0.0,0.008,0.081,0.053,0,0,344,100,117,64,68,36,0.055867,0.730811,948
4.367,1.003,8.287,3,0.694932,1.44,6.37986,625,0,351,939,79,28,60,183,36,1183,195,1895,536,83,538,30,183,63,39,82,45,100,91,0,0,0,31,0,0,0,1,0,0,0,70,5,8,40,45,54,46,82,136,76,62,88,0,0,1865,5352,0.0,0.008,0.081,0.053,0,0,344,100,117,64,68,36,0.055867,0.730811,948
4.367,1.003,8.287,3,0.694932,1.44,6.37986,625,0,351,939,79,28,60,183,36,1183,195,1895,536,83,538,30,183,63,39,82,45,100,91,0,0,0,31,0,0,0,1,0,0,0,70,5,8,40,45,54,46,82,136,76,62,88,0,0,1865,5352,0.0,0.008,0.081,0.053,0,0,344,100,117,64,68,36,0.055867,0.730811,948
15.098,3.918,25.578,4,0.871958,1.39,17.7842,1036,0,329,1013,154,94,51,184,32,1570,241,1888,548,85,520,50,176,66,44,94,51,90,79,0,0,0,1,0,0,0,0,0,0,0,61,9,9,47,47,44,43,93,102,84,48,90,0,1,3688,9960,0.0,0.004,0.021,0.01,0,0,0,0,142,7,22,19,0.055867,0.232371,948
15.098,3.918,25.578,4,0.871958,1.39,17.7842,1036,0,329,1013,154,94,51,184,32,1570,241,1888,548,85,520,50,176,66,44,94,51,90,79,0,0,0,1,0,0,0,0,0,0,0,61,9,9,47,47,44,43,93,102,84,48,90,0,1,3688,9960,0.0,0.004,0.021,0.01,0,0,0,0,142,7,22,19,0.055867,0.232371,948
15.098,3.918,25.578,4,0.871958,1.39,17.7842,1036,0,329,1013,154,94,51,184,32,1570,241,1888,548,85,520,50,176,66,44,94,51,90,79,0,0,0,1,0,0,0,0,0,0,0,61,9,9,47,47,44,43,93,102,84,48,90,0,1,3688,9960,0.0,0.004,0.021,0.01,0,0,0,0,142,7,22,19,0.055867,0.232371,948
15.098,3.918,25.578,4,0.871958,1.39,17.7842,1036,0,329,1013,154,94,51,184,32,1570,241,1888,548,85,520,50,176,66,44,94,51,90,79,0,0,0,1,0,0,0,0,0,0,0,61,9,9,47,47,44,43,93,102,84,48,90,0,1,3688,9960,0.0,0.004,0.021,0.01,0,0,0,0,142,7,22,19,0.055867,0.232371,948
15.098,3.918,25.578,4,0.871958,1.39,17.7842,1036,0,329,1013,154,94,51,184,32,1570,241,1888,548,85,520,50,176,66,44,94,51,90,79,0,0,0,1,0,0,0,0,0,0,0,61,9,9,47,47,44,43,93,102,84,48,90,0,1,3688,9960,0.0,0.004,0.021,0.01,0,0,0,0,142,7,22,19,0.055867,0.232371,948
15.098,3.918,25.578,4,0.871958,1.39,17.7842,1036,0,329,1013,154,94,51,184,32,1570,241,1888,548,85,520,50,176,66,44,94,51,90,79,0,0,0,1,0,0,0,0,0,0,0,61,9,9,47,47,44,43,93,102,84,48,90,0,1,3688,9960,0.0,0.004,0.021,0.01,0,0,0,0,142,7,22,19,0.055867,0.232371,948
1.472,0.329,3.258,3,0.464302,1.51,2.77351,233,0,267,731,44,112,71,210,50,430,64,878,370,65,481,-54,180,5,18,86,32,52,76,1,0,89,35,0,0,0,0,0,0,0,0,7,7,39,43,54,50,36,74,46,58,71,0,0,484,3397,0.003,0.03,0.922,0.19,0,0,467,100,0,3,52,47,0.055867,1.33825,948
1.472,0.329,3.258,3,0.464302,1.51,2.77351,233,0,267,731,44,112,71,210,50,430,64,878,370,65,481,-54,180,5,18,86,32,52,76,1,0,89,35,0,0,0,0,0,0,0,0,7,7,39,43,54,50,36,74,46,58,71,0,0,484,3397,0.003,0.03,0.922,0.19,0,0,467,100,0,3,52,47,0.055867,1.33825,948
1.472,0.329,3.258,3,0.464302,1.51,2.77351,233,0,267,731,44,112,71,210,50,430,64,878,370,65,481,-54,180,5,18,86,32,52,76,1,0,89,35,0,0,0,0,0,0,0,0,7,7,39,43,54,50,36,74,46,58,71,0,0,484,3397,0.003,0.03,0.922,0.19,0,0,467,100,0,3,52,47,0.055867,1.33825,948
0.192,0.024,0.567,1,0.170736,14.56,0.484066,112,0,1043,1273,131,473,52,193,52,809,120,809,482,77,482,-2,181,-2,36,85,36,60,60,0,0,39,39,0,0,0,0,0,0,0,0,16,16,44,44,40,40,76,76,69,64,69,0,0,1676,1676,0.001,0.001,0.023,0.023,0,0,0,0,12,11,29,29,0.055867,0.002193,948
0.192,0.024,0.567,1,0.170736,14.56,0.484066,112,0,1043,1273,131,473,52,193,52,809,120,809,482,77,482,-2,181,-2,36,85,36,60,60,0,0,39,39,0,0,0,0,0,0,0,0,16,16,44,44,40,40,76,76,69,64,69,0,0,1676,1676,0.001,0.001,0.023,0.023,0,0,0,0,12,11,29,29,0.055867,0.002193,948
0.192,0.024,0.567,1,0.170736,14.56,0.484066,112,0,1043,1273,131,473,52,193,52,809,120,809,482,77,482,-2,181,-2,36,85,36,60,60,0,0,39,39,0,0,0,0,0,0,0,0,16,16,44,44,40,40,76,76,69,64,69,0,0,1676,1676,0.001,0.001,0.023,0.023,0,0,0,0,12,11,29,29,0.055867,0.002193,948
0.048,0.005,0.149,1,0.0979786,2.05,0.401951,84,0,1231,953,107,248,70,202,70,523,80,523,431,73,431,-42,181,-42,18,65,18,88,88,1,1,34,34,0,0,0,0,0,0,0,0,18,18,42,42,39,39,50,50,55,67,55,0,0,2245,2245,0.0,0.0,0.0,0.0,0,0,0,0,80,79,32,32,0.055867,0.0,948
0.048,0.005,0.149,1,0.0979786,2.05,0.401951,84,0,1231,953,107,248,70,202,70,523,80,523,431,73,431,-42,181,-42,18,65,18,88,88,1,1,34,34,0,0,0,0,0,0,0,0,18,18,42,42,39,39,50,50,55,67,55,0,0,2245,2245,0.0,0.0,0.0,0.0,0,0,0,0,80,79,32,32,0.055867,0.0,948
0.048,0.005,0.149,1,0.0979786,2.05,0.401951,84,0,1231,953,107,248,70,202,70,523,80,523,431,73,431,-42,181,-42,18,65,18,88,88,1,1,34,34,0,0,0,0,0,0,0,0,18,18,42,42,39,39,50,50,55,67,55,0,0,2245,2245,0.0,0.0,0.0,0.0,0,0,0,0,80,79,32,32,0.055867,0.0,948
0.311,0.035,0.96,2,0.299733,3.7,0.908919,71,0,1223,812,135,168,77,205,60,442,68,676,370,64,455,-53,178,-20,17,55,28,79,61,1,1,37,37,0,0,0,0,0,0,0,0,18,17,43,44,39,40,49,66,46,58,63,0,0,1390,1799,0.0,0.003,0.0,0.028,0,0,0,0,125,53,75,39,0.055867,0.050412,948
0.311,0.035,0.96,2,0.299733,3.7,0.908919,71,0,1223,812,135,168,77,205,60,442,68,676,370,64,455,-53,178,-20,17,55,28,79,61,1,1,37,37,0,0,0,0,0,0,0,0,18,17,43,44,39,40,49,66,46,58,63,0,0,1390,1799,0.0,0.003,0.0,0.028,0,0,0,0,125,53,75,39,0.055867,0.050412,948
0.311,0.035,0.96,2,0.299733,3.7,0.908919,71,0,1223,812,135,168,77,205,60,442,68,676,370,64,455,-53,178,-20,17,55,28,79,61,1,1,37,37,0,0,0,0,0,0,0,0,18,17,43,44,39,40,49,66,46,58,63,0,0,1390,1799,0.0,0.003,0.0,0.028,0,0,0,0,125,53,75,39,0.055867,0.050412,948
9.955,2.305,17.716,4,0.805897,20.92,12.7314,323,778,759,1026,183,100,57,194,40,815,127,1567,471,76,521,-6,182,47,26,77,41,83,92,0,0,75,33,0,0,0,1,0,0,0,35,9,7,43,43,48,49,79,113,67,64,83,0,0,5954,4908,0.026,0.074,0.314,0.119,0,0,265,100,98,53,100,46,0.055867,3.82,948
9.955,2.305,17.716,4,0.805897,20.92,12.7314,323,778,759,1026,183,100,57,194,40,815,127,1567,471,76,521,-6,182,47,26,77,41,83,92,0,0,75,33,0,0,0,1,0,0,0,35,9,7,43,43,48,49,79,113,67,64,83,0,0,5954,4908,0.026,0.074,0.314,0.119,0,0,265,100,98,53,100,46,0.055867,3.82,948
9.955,2.305,17.716,4,0.805897,20.92,12.7314,323,778,759,1026,183,100,57,194,40,815,127,1567,471,76,521,-6,182,47,26,77,41,83,92,0,0,75,33,0,0,0,1,0,0,0,35,9,7,43,43,48,49,79,113,67,64,83,0,0,5954,4908,0.026,0.074,0.314,0.119,0,0,265,100,98,53,100,46,0.055867,3.82,948
10.449,2.405,18.849,4,0.893509,6.84,13.2825,218,741,730,675,130,94,75,209,42,407,60,1493,345,60,514,-57,178,42,12,67,40,32,89,16,0,86,38,19,0,0,0,0,0,0,31,22,8,42,43,36,49,28,109,42,54,82,0,0,1710,4845,0.031,0.111,1.952,0.152,0,0,873,100,172,62,111,48,0.055867,5.29027,948
10.449,2.405,18.849,4,0.893509,6.84,13.2825,218,741,730,675,130,94,75,209,42,407,60,1493,345,60,514,-57,178,42,12,67,40,32,89,16,0,86,38,19,0,0,0,0,0,0,31,22,8,42,43,36,49,28,109,42,54,82,0,0,1710,4845,0.031,0.111,1.952,0.152,0,0,873,100,172,62,111,48,0.055867,5.29027,948
10.449,2.405,18.849,4,0.893509,6.84,13.2825,218,741,730,675,130,94,75,209,42,407,60,1493,345,60,514,-57,178,42,12,67,40,32,89,16,0,86,38,19,0,0,0,0,0,0,31,22,8,42,43,36,49,28,109,42,54,82,0,0,1710,4845,0.031,0.111,1.952,0.152,0,0,873,100,172,62,111,48,0.055867,5.29027,948
10.449,2.405,18.849,4,0.893509,6.84,13.2825,218,741,730,675,130,94,75,209,42,407,60,1493,345,60,514,-57,178,42,12,67,40,32,89,16,0,86,38,19,0,0,0,0,0,0,31,22,8,42,43,36,49,28,109,42,54,82,0,0,1710,4845,0.031,0.111,1.952,0.152,0,0,873,100,172,62,111,48,0.055867,5.29027,948
10.449,2.405,18.849,4,0.893509,6.84,13.2825,218,741,730,675,130,94,75,209,42,407,60,1493,345,60,514,-57,178,42,12,67,40,32,89,16,0,86,38,19,0,0,0,0,0,0,31,22,8,42,43,36,49,28,109,42,54,82,0,0,1710,4845,0.031,0.111,1.952,0.152,0,0,873,100,172,62,111,48,0.055867,5.29027,948
10.449,2.405,18.849,4,0.893509,6.84,13.2825,218,741,730,675,130,94,75,209,42,407,60,1493,345,60,514,-57,178,42,12,67,40,32,89,16,0,86,38,19,0,0,0,0,0,0,31,22,8,42,43,36,49,28,109,42,54,82,0,0,1710,4845,0.031,0.111,1.952,0.152,0,0,873,100,172,62,111,48,0.055867,5.29027,948
6.006,1.474,10.659,3,0.569565,5.24,8.23912,711,220,581,1292,180,99,42,176,35,1677,252,1954,534,83,536,58,174,66,39,79,46,100,98,0,0,3,26,0,0,0,0,0,0,81,79,7,7,44,44,49,50,125,136,86,43,90,0,0,4303,3615,0.0,0.027,0.02,0.103,0,0,0,0,63,14,25,21,0.055867,0.208994,948
6.006,1.474,10.659,3,0.569565,5.24,8.23912,711,220,581,1292,180,99,42,176,35,1677,252,1954,534,83,536,58,174,66,39,79,46,100,98,0,0,3,26,0,0,0,0,0,0,81,79,7,7,44,44,49,50,125,136,86,43,90,0,0,4303,3615,0.0,0.027,0.02,0.103,0,0,0,0,63,14,25,21,0.055867,0.208994,948
6.006,1.474,10.659,3,0.569565,5.24,8.23912,711,220,581,1292,180,99,42,176,35,1677,252,1954,534,83,536,58,174,66,39,79,46,100,98,0,0,3,26,0,0,0,0,0,0,81,79,7,7,44,44,49,50,125,136,86,43,90,0,0,4303,3615,0.0,0.027,0.02,0.103,0,0,0,0,63,14,25,21,0.055867,0.208994,948
6.439,1.594,11.136,3,0.675531,7.02,8.46724,668,205,600,1120,155,114,50,181,36,1422,218,1909,536,83,535,47,178,64,39,81,45,100,98,0,0,0,23,0,0,0,0,0,0,43,77,7,7,46,44,47,49,117,134,82,51,89,0,0,3154,3536,0.0,0.027,0.016,0.092,0,0,0,0,123,22,37,22,0.055867,0.231557,948
6.439,1.594,11.136,3,0.675531,7.02,8.46724,668,205,600,1120,155,114,50,181,36,1422,218,1909,536,83,535,47,178,64,39,81,45,100,98,0,0,0,23,0,0,0,0,0,0,43,77,7,7,46,44,47,49,117,134,82,51,89,0,0,3154,3536,0.0,0.027,0.016,0.092,0,0,0,0,123,22,37,22,0.055867,0.231557,948
6.439,1.594,11.136,3,0.675531,7.02,8.46724,668,205,600,1120,155,114,50,181,36,1422,218,1909,536,83,535,47,178,64,39,81,45,100,98,0,0,0,23,0,0,0,0,0,0,43,77,7,7,46,44,47,49,117,134,82,51,89,0,0,3154,3536,0.0,0.027,0.016,0.092,0,0,0,0,123,22,37,22,0.055867,0.231557,948
6.439,1.594,11.136,3,0.675531,7.02,8.46724,668,205,600,1120,155,114,50,181,36,1422,218,1909,536,83,535,47,178,64,39,81,45,100,98,0,0,0,23,0,0,0,0,0,0,43,77,7,7,46,44,47,49,117,134,82,51,89,0,0,3154,3536,0.0,0.027,0.016,0.092,0,0,0,0,123,22,37,22,0.055867,0.231557,948
6.439,1.594,11.136,3,0.675531,7.02,8.46724,668,205,600,1120,155,114,50,181,36,1422,218,1909,536,83,535,47,178,64,39,81,45,100,98,0,0,0,23,0,0,0,0,0,0,43,77,7,7,46,44,47,49,117,134,82,51,89,0,0,3154,3536,0.0,0.027,0.016,0.092,0,0,0,0,123,22,37,22,0.055867,0.231557,948
6.439,1.594,11.136,3,0.675531,7.02,8.46724,668,205,600,1120,155,114,50,181,36,1422,218,1909,536,83,535,47,178,64,39,81,45,100,98,0,0,0,23,0,0,0,0,0,0,43,77,7,7,46,44,47,49,117,134,82,51,89,0,0,3154,3536,0.0,0.027,0.016,0.092,0,0,0,0,123,22,37,22,0.055867,0.231557,948
41.41,6.932,80.14,5,1.29027,6.83,48.883,446,793,449,710,60,25,70,210,47,655,103,1677,480,82,535,-28,184,51,27,93,43,72,89,3,0,1,1,11,1,0,0,0,0,0,22,6,8,40,45,54,46,74,108,63,72,85,0,18,1088,4484,0.808,7.699,15.66,5.628,0,0,1223,500,218,126,94,48,0.055867,450.864,948
41.41,6.932,80.14,5,1.29027,6.83,48.883,446,793,449,710,60,25,70,210,47,655,103,1677,480,82,535,-28,184,51,27,93,43,72,89,3,0,1,1,11,1,0,0,0,0,0,22,6,8,40,45,54,46,74,108,63,72,85,0,18,1088,4484,0.808,7.699,15.66,5.628,0,0,1223,500,218,126,94,48,0.055867,450.864,948
41.41,6.932,80.14,5,1.29027,6.83,48.883,446,793,449,710,60,25,70,210,47,655,103,1677,480,82,535,-28,184,51,27,93,43,72,89,3,0,1,1,11,1,0,0,0,0,0,22,6,8,40,45,54,46,74,108,63,72,85,0,18,1088,4484,0.808,7.699,15.66,5.628,0,0,1223,500,218,126,94,48,0.055867,450.864,948
0.255,0.063,0.511,1,0.145937,3.3,0.908788,495,0,576,817,93,113,64,203,64,828,129,828,498,82,498,-7,182,-7,26,89,26,67,67,2,2,1,1,5,5,0,0,0,0,0,0,7,7,43,43,50,50,86,86,68,69,68,0,0,1621,1621,0.206,0.206,12.596,12.594,0,0,1492,1500,271,270,70,70,0.055867,37.5827,948
0.255,0.063,0.511,1,0.145937,3.3,0.908788,495,0,576,817,93,113,64,203,64,828,129,828,498,82,498,-7,182,-7,26,89,26,67,67,2,2,1,1,5,5,0,0,0,0,0,0,7,7,43,43,50,50,86,86,68,69,68,0,0,1621,1621,0.206,0.206,12.596,12.594,0,0,1492,1500,271,270,70,70,0.055867,37.5827,948
0.255,0.063,0.511,1,0.145937,3.3,0.908788,495,0,576,817,93,113,64,203,64,828,129,828,498,82,498,-7,182,-7,26,89,26,67,67,2,2,1,1,5,5,0,0,0,0,0,0,7,7,43,43,50,50,86,86,68,69,68,0,0,1621,1621,0.206,0.206,12.596,12.594,0,0,1492,1500,271,270,70,70,0.055867,37.5827,948
3.287,0.783,6.99,2,0.615987,3.41,5.44633,250,0,347,593,34,132,77,220,46,407,61,1173,344,61,493,-58,179,26,15,77,37,20,75,17,2,8,3,12,1,0,0,0,0,0,0,22,9,44,43,35,47,28,98,42,54,77,0,0,761,2395,0.059,0.106,8.839,0.458,0,0,807,100,245,45,120,30,0.055867,10.3906,948
3.287,0.783,6.99,2,0.615987,3.41,5.44633,250,0,347,593,34,132,77,220,46,407,61,1173,344,61,493,-58,179,26,15,77,37,20,75,17,2,8,3,12,1,0,0,0,0,0,0,22,9,44,43,35,47,28,98,42,54,77,0,0,761,2395,0.059,0.106,8.839,0.458,0,0,807,100,245,45,120,30,0.055867,10.3906,948
3.287,0.783,6.99,2,0.615987,3.41,5.44633,250,0,347,593,34,132,77,220,46,407,61,1173,344,61,493,-58,179,26,15,77,37,20,75,17,2,8,3,12,1,0,0,0,0,0,0,22,9,44,43,35,47,28,98,42,54,77,0,0,761,2395,0.059,0.106,8.839,0.458,0,0,807,100,245,45,120,30,0.055867,10.3906,948
0.158,0.065,0.311,1,0.15438,1.75,0.725143,757,0,299,294,49,46,138,226,138,1360,65,1360,972,104,972,9,114,9,0,2,0,95,95,8,8,4,4,0,0,0,0,0,0,0,0,24,24,40,40,36,36,40,40,83,37,82,0,0,482,482,0.002,0.002,1.882,1.883,0,0,3434,3400,437,437,215,215,0.045808,0.0,810
0.158,0.065,0.311,1,0.15438,1.75,0.725143,757,0,299,294,49,46,138,226,138,1360,65,1360,972,104,972,9,114,9,0,2,0,95,95,8,8,4,4,0,0,0,0,0,0,0,0,24,24,40,40,36,36,40,40,83,37,82,0,0,482,482,0.002,0.002,1.882,1.883,0,0,3434,3400,437,437,215,215,0.045808,0.0,810
0.158,0.065,0.311,1,0.15438,1.75,0.725143,757,0,299,294,49,46,138,226,138,1360,65,1360,972,104,972,9,114,9,0,2,0,95,95,8,8,4,4,0,0,0,0,0,0,0,0,24,24,40,40,36,36,40,40,83,37,82,0,0,482,482,0.002,0.002,1.882,1.883,0,0,3434,3400,437,437,215,215,0.045808,0.0,810
0.355,0.199,0.717,1,0.175158,4.67,0.892291,557,0,168,128,20,96,124,247,124,1119,31,1119,853,103,853,1,115,1,2,19,2,0,0,0,0,0,0,0,0,0,0,0,0,6,6,19,19,37,37,45,45,27,27,82,39,82,0,0,428,428,30.792,30.792,1529.11,1529.199,100,100,6300,6300,9656,9656,365,365,0.064307,2057.21,953
0.355,0.199,0.717,1,0.175158,4.67,0.892291,557,0,168,128,20,96,124,247,124,1119,31,1119,853,103,853,1,115,1,2,19,2,0,0,0,0,0,0,0,0,0,0,0,0,6,6,19,19,37,37,45,45,27,27,82,39,82,0,0,428,428,30.792,30.792,1529.11,1529.199,100,100,6300,6300,9656,9656,365,365,0.064307,2057.21,953
0.355,0.199,0.717,1,0.175158,4.67,0.892291,557,0,168,128,20,96,124,247,124,1119,31,1119,853,103,853,1,115,1,2,19,2,0,0,0,0,0,0,0,0,0,0,0,0,6,6,19,19,37,37,45,45,27,27,82,39,82,0,0,428,428,30.792,30.792,1529.11,1529.199,100,100,6300,6300,9656,9656,365,365,0.064307,2057.21,953
1.244,0.206,3.237,2,0.33367,7.5,2.72987,260,0,494,2007,112,273,79,155,58,877,158,818,563,77,531,-12,177,-8,33,90,41,99,96,0,0,5,8,0,0,0,0,0,0,0,9,11,12,27,27,61,61,54,46,64,75,66,0,0,1205,2141,0.006,0.006,0.147,0.049,0,0,0,0,5,10,3,3,0.055768,0.327264,951
1.244,0.206,3.237,2,0.33367,7.5,2.72987,260,0,494,2007,112,273,79,155,58,877,158,818,563,77,531,-12,177,-8,33,90,41,99,96,0,0,5,8,0,0,0,0,0,0,0,9,11,12,27,27,61,61,54,46,64,75,66,0,0,1205,2141,0.006,0.006,0.147,0.049,0,0,0,0,5,10,3,3,0.055768,0.327264,951
0.118,0.019,0.288,1,0.129239,0.93,1.36882,344,0,458,2186,118,2539,69,153,69,832,149,832,542,73,542,-11,176,-11,32,85,32,100,100,1,1,1,1,0,0,0,0,0,0,0,0,13,13,30,30,57,57,49,49,65,73,65,100,100,3376,3376,0.0,0.0,0.0,0.0,0,0,0,0,0,0,0,0,0.055768,0.0,951
0.118,0.019,0.288,1,0.129239,0.93,1.36882,344,0,458,2186,118,2539,69,153,69,832,149,832,542,73,542,-11,176,-11,32,85,32,100,100,1,1,1,1,0,0,0,0,0,0,0,0,13,13,30,30,57,57,49,49,65,73,65,100,100,3376,3376,0.0,0.0,0.0,0.0,0,0,0,0,0,0,0,0,0.055768,0.0,951
0.118,0.019,0.288,1,0.129239,0.93,1.36882,344,0,458,2186,118,2539,69,153,69,832,149,832,542,73,542,-11,176,-11,32,85,32,100,100,1,1,1,1,0,0,0,0,0,0,0,0,13,13,30,30,57,57,49,49,65,73,65,100,100,3376,3376,0.0,0.0,0.0,0.0,0,0,0,0,0,0,0,0,0.055768,0.0,951
17.517,6.923,50.657,5,1.25247,4.8,32.7156,112,48,150,1525,10,12,73,301,39,212,38,315,187,35,274,-81,93,-63,16,61,30,0,33,8,3,71,60,13,4,0,0,0,3,0,9,16,15,37,36,47,49,14,26,17,11,33,31,26,307,1643,0.572,17.1,28.397,3.471,0,0,2357,300,353,82,238,42,0.058978,994.888,891
17.517,6.923,50.657,5,1.25247,4.8,32.7156,112,48,150,1525,10,12,73,301,39,212,38,315,187,35,274,-81,93,-63,16,61,30,0,33,8,3,71,60,13,4,0,0,0,3,0,9,16,15,37,36,47,49,14,26,17,11,33,31,26,307,1643,0.572,17.1,28.397,3.471,0,0,2357,300,353,82,238,42,0.058978,994.888,891
17.517,6.923,50.657,5,1.25247,4.8,32.7156,112,48,150,1525,10,12,73,301,39,212,38,315,187,35,274,-81,93,-63,16,61,30,0,33,8,3,71,60,13,4,0,0,0,3,0,9,16,15,37,36,47,49,14,26,17,11,33,31,26,307,1643,0.572,17.1,28.397,3.471,0,0,2357,300,353,82,238,42,0.058978,994.888,891
406.642,163.223,901.22,6,3.48063,11.09,426.351,342,130,55,26,6,5,191,174,175,1258,104,1203,1065,82,986,-14,90,-15,0,2,0,69,67,6,17,0,4,1,3,0,0,0,0,27,2,18,19,30,33,52,48,44,28,75,27,72,100,45,1148,1169,3.303,2866.802,63.86,81.779,0,7,2810,1700,925,831,207,136,0.04558,148582.0,921
406.642,163.223,901.22,6,3.48063,11.09,426.351,342,130,55,26,6,5,191,174,175,1258,104,1203,1065,82,986,-14,90,-15,0,2,0,69,67,6,17,0,4,1,3,0,0,0,0,27,2,18,19,30,33,52,48,44,28,75,27,72,100,45,1148,1169,3.303,2866.802,63.86,81.779,0,7,2810,1700,925,831,207,136,0.04558,148582.0,921
406.642,163.223,901.22,6,3.48063,11.09,426.351,342,130,55,26,6,5,191,174,175,1258,104,1203,1065,82,986,-14,90,-15,0,2,0,69,67,6,17,0,4,1,3,0,0,0,0,27,2,18,19,30,33,52,48,44,28,75,27,72,100,45,1148,1169,3.303,2866.802,63.86,81.779,0,7,2810,1700,925,831,207,136,0.04558,148582.0,921
16.429,5.617,34.33,4,1.05507,10.46,22.5297,436,0,140,215,25,17,162,207,156,1259,53,1344,980,100,998,-6,113,2,0,1,0,31,87,8,22,3,9,1,1,0,0,0,0,0,1,19,20,34,35,48,45,32,29,77,44,80,0,10,596,1267,29.903,192.422,820.398,187.446,86,20,6264,3800,5276,1854,385,262,0.04558,10313.1,921
16.429,5.617,34.33,4,1.05507,10.46,22.5297,436,0,140,215,25,17,162,207,156,1259,53,1344,980,100,998,-6,113,2,0,1,0,31,87,8,22,3,9,1,1,0,0,0,0,0,1,19,20,34,35,48,45,32,29,77,44,80,0,10,596,1267,29.903,192.422,820.398,187.446,86,20,6264,3800,5276,1854,385,262,0.04558,10313.1,921
16.429,5.617,34.33,4,1.05507,10.46,22.5297,436,0,140,215,25,17,162,207,156,1259,53,1344,980,100,998,-6,113,2,0,1,0,31,87,8,22,3,9,1,1,0,0,0,0,0,1,19,20,34,35,48,45,32,29,77,44,80,0,10,596,1267,29.903,192.422,820.398,187.446,86,20,6264,3800,5276,1854,385,262,0.04558,10313.1,921
203.459,61.609,445.696,5,2.73729,6.1,226.428,496,37,48,52,9,10,193,173,178,1336,92,1243,1107,96,1015,-11,102,-12,0,0,0,10,52,27,26,4,4,23,8,0,0,0,0,0,0,19,20,34,34,48,47,32,28,75,42,74,100,60,2283,2196,0.029,776.403,1.525,51.802,0,5,318,1300,177,581,87,123,0.04558,37019.5,921
203.459,61.609,445.696,5,2.73729,6.1,226.428,496,37,48,52,9,10,193,173,178,1336,92,1243,1107,96,1015,-11,102,-12,0,0,0,10,52,27,26,4,4,23,8,0,0,0,0,0,0,19,20,34,34,48,47,32,28,75,42,74,100,60,2283,2196,0.029,776.403,1.525,51.802,0,5,318,1300,177,581,87,123,0.04558,37019.5,921
203.459,61.609,445.696,5,2.73729,6.1,226.428,496,37,48,52,9,10,193,173,178,1336,92,1243,1107,96,1015,-11,102,-12,0,0,0,10,52,27,26,4,4,23,8,0,0,0,0,0,0,19,20,34,34,48,47,32,28,75,42,74,100,60,2283,2196,0.029,776.403,1.525,51.802,0,5,318,1300,177,581,87,123,0.04558,37019.5,921
0.398,0.192,0.768,1,0.190027,5.47,0.776782,818,0,463,936,163,663,109,205,109,1527,61,1527,988,101,988,24,91,24,7,21,7,100,100,0,0,0,0,0,0,0,0,0,0,96,96,19,19,38,38,43,43,64,64,90,21,90,0,0,794,794,0.326,0.326,21.214,21.208,0,0,1711,1700,342,342,111,111,0.045808,30.754,810
0.398,0.192,0.768,1,0.190027,5.47,0.776782,818,0,463,936,163,663,109,205,109,1527,61,1527,988,101,988,24,91,24,7,21,7,100,100,0,0,0,0,0,0,0,0,0,0,96,96,19,19,38,38,43,43,64,64,90,21,90,0,0,794,794,0.326,0.326,21.214,21.208,0,0,1711,1700,342,342,111,111,0.045808,30.754,810
0.398,0.192,0.768,1,0.190027,5.47,0.776782,818,0,463,936,163,663,109,205,109,1527,61,1527,988,101,988,24,91,24,7,21,7,100,100,0,0,0,0,0,0,0,0,0,0,96,96,19,19,38,38,43,43,64,64,90,21,90,0,0,794,794,0.326,0.326,21.214,21.208,0,0,1711,1700,342,342,111,111,0.045808,30.754,810
0.421,0.113,0.953,1,0.179513,5.29,0.919282,559,0,158,124,43,40,171,204,171,1428,75,1428,1049,99,1049,4,109,4,1,5,1,100,100,0,0,0,0,0,0,0,0,0,0,10,10,19,19,32,32,48,48,40,40,80,41,80,0,0,264,264,0.001,0.001,0.033,0.033,0,0,9,0,0,0,37,37,0.043949,0.158817,803
0.421,0.113,0.953,1,0.179513,5.29,0.919282,559,0,158,124,43,40,171,204,171,1428,75,1428,1049,99,1049,4,109,4,1,5,1,100,100,0,0,0,0,0,0,0,0,0,0,10,10,19,19,32,32,48,48,40,40,80,41,80,0,0,264,264,0.001,0.001,0.033,0.033,0,0,9,0,0,0,37,37,0.043949,0.158817,803
0.421,0.113,0.953,1,0.179513,5.29,0.919282,559,0,158,124,43,40,171,204,171,1428,75,1428,1049,99,1049,4,109,4,1,5,1,100,100,0,0,0,0,0,0,0,0,0,0,10,10,19,19,32,32,48,48,40,40,80,41,80,0,0,264,264,0.001,0.001,0.033,0.033,0,0,9,0,0,0,37,37,0.043949,0.158817,803
0.102,0.036,0.351,1,0.138413,6.96,0.441092,108,0,823,3409,157,402,-16,205,-16,762,36,762,526,86,526,13,129,13,51,99,51,100,100,0,0,20,20,0,0,1,1,16,16,22,22,10,10,34,34,57,57,65,65,85,32,85,0,0,6196,6195,0.004,0.004,0.117,0.117,0,0,507,500,68,68,45,45,0.055481,0.786075,951
0.102,0.036,0.351,1,0.138413,6.96,0.441092,108,0,823,3409,157,402,-16,205,-16,762,36,762,526,86,526,13,129,13,51,99,51,100,100,0,0,20,20,0,0,1,1,16,16,22,22,10,10,34,34,57,57,65,65,85,32,85,0,0,6196,6195,0.004,0.004,0.117,0.117,0,0,507,500,68,68,45,45,0.055481,0.786075,951
0.102,0.036,0.351,1,0.138413,6.96,0.441092,108,0,823,3409,157,402,-16,205,-16,762,36,762,526,86,526,13,129,13,51,99,51,100,100,0,0,20,20,0,0,1,1,16,16,22,22,10,10,34,34,57,57,65,65,85,32,85,0,0,6196,6195,0.004,0.004,0.117,0.117,0,0,507,500,68,68,45,45,0.055481,0.786075,951
0.242,0.063,0.744,1,0.196017,11.24,0.691815,220,0,541,1815,143,424,74,246,74,618,43,618,515,82,515,-41,154,-41,19,74,19,60,60,12,12,8,8,1,1,0,0,0,0,50,50,22,22,43,43,36,36,27,27,54,52,54,0,0,1911,1910,26.326,26.326,754.728,755.148,33,33,4370,4400,3924,3926,241,241,0.042655,1208.71,925
0.242,0.063,0.744,1,0.196017,11.24,0.691815,220,0,541,1815,143,424,74,246,74,618,43,618,515,82,515,-41,154,-41,19,74,19,60,60,12,12,8,8,1,1,0,0,0,0,50,50,22,22,43,43,36,36,27,27,54,52,54,0,0,1911,1910,26.326,26.326,754.728,755.148,33,33,4370,4400,3924,3926,241,241,0.042655,1208.71,925
0.242,0.063,0.744,1,0.196017,11.24,0.691815,220,0,541,1815,143,424,74,246,74,618,43,618,515,82,515,-41,154,-41,19,74,19,60,60,12,12,8,8,1,1,0,0,0,0,50,50,22,22,43,43,36,36,27,27,54,52,54,0,0,1911,1910,26.326,26.326,754.728,755.148,33,33,4370,4400,3924,3926,241,241,0.042655,1208.71,925
0.02,0.006,0.049,1,0.0680952,2.13,0.134272,34,0,676,2852,109,67,38,193,38,667,66,667,562,62,562,-30,123,-30,31,87,31,90,90,1,1,14,14,0,0,0,0,0,0,100,100,10,10,35,35,55,55,73,73,64,33,64,0,0,1064,1064,0.0,0.0,0.0,0.0,0,0,53,100,2,2,23,23,0.043737,0.0,889
0.02,0.006,0.049,1,0.0680952,2.13,0.134272,34,0,676,2852,109,67,38,193,38,667,66,667,562,62,562,-30,123,-30,31,87,31,90,90,1,1,14,14,0,0,0,0,0,0,100,100,10,10,35,35,55,55,73,73,64,33,64,0,0,1064,1064,0.0,0.0,0.0,0.0,0,0,53,100,2,2,23,23,0.043737,0.0,889
0.02,0.006,0.049,1,0.0680952,2.13,0.134272,34,0,676,2852,109,67,38,193,38,667,66,667,562,62,562,-30,123,-30,31,87,31,90,90,1,1,14,14,0,0,0,0,0,0,100,100,10,10,35,35,55,55,73,73,64,33,64,0,0,1064,1064,0.0,0.0,0.0,0.0,0,0,53,100,2,2,23,23,0.043737,0.0,889
3512.29,876.474,9102.739,7,7.80822,6.12,3398.66,23,627,385,146,28,3,118,229,38,189,24,624,166,29,441,-83,148,-19,1,10,38,30,67,43,7,12,9,6,2,0,1,0,3,3,12,12,12,31,39,57,48,13,62,18,23,64,0,18,487,1903,0.059,1876.08,3.373,7.938,0,0,3297,300,308,91,151,35,0.055867,94978.4,948
3512.29,876.474,9102.739,7,7.80822,6.12,3398.66,23,627,385,146,28,3,118,229,38,189,24,624,166,29,441,-83,148,-19,1,10,38,30,67,43,7,12,9,6,2,0,1,0,3,3,12,12,12,31,39,57,48,13,62,18,23,64,0,18,487,1903,0.059,1876.08,3.373,7.938,0,0,3297,300,308,91,151,35,0.055867,94978.4,948
3512.29,876.474,9102.739,7,7.80822,6.12,3398.66,23,627,385,146,28,3,118,229,38,189,24,624,166,29,441,-83,148,-19,1,10,38,30,67,43,7,12,9,6,2,0,1,0,3,3,12,12,12,31,39,57,48,13,62,18,23,64,0,18,487,1903,0.059,1876.08,3.373,7.938,0,0,3297,300,308,91,151,35,0.055867,94978.4,948
1.125,0.457,2.218,2,0.343469,6.05,1.82975,752,0,251,278,49,33,138,226,138,1359,64,1358,974,104,972,8,114,9,0,2,0,100,61,8,8,2,2,0,0,0,0,0,0,0,0,24,24,40,40,37,37,40,34,82,38,83,72,29,521,1509,1.543,14.379,106.758,304.801,8,39,2776,4800,477,1047,221,286,0.045808,642.352,810
1.125,0.457,2.218,2,0.343469,6.05,1.82975,752,0,251,278,49,33,138,226,138,1359,64,1358,974,104,972,8,114,9,0,2,0,100,61,8,8,2,2,0,0,0,0,0,0,0,0,24,24,40,40,37,37,40,34,82,38,83,72,29,521,1509,1.543,14.379,106.758,304.801,8,39,2776,4800,477,1047,221,286,0.045808,642.352,810
1.125,0.457,2.218,2,0.343469,6.05,1.82975,752,0,251,278,49,33,138,226,138,1359,64,1358,974,104,972,8,114,9,0,2,0,100,61,8,8,2,2,0,0,0,0,0,0,0,0,24,24,40,40,37,37,40,34,82,38,83,72,29,521,1509,1.543,14.379,106.758,304.801,8,39,2776,4800,477,1047,221,286,0.045808,642.352,810
0.117,0.054,0.249,1,0.127298,4.86,0.376132,173,0,326,379,30,60,121,291,121,866,117,866,735,100,735,-25,63,-25,2,12,2,0,0,33,33,14,14,2,2,0,0,0,0,79,79,25,25,49,49,25,25,25,25,65,14,65,100,100,2184,2184,0.028,0.028,1.287,1.286,0,0,690,700,343,343,63,63,0.051129,1.29663,934
0.117,0.054,0.249,1,0.127298,4.86,0.376132,173,0,326,379,30,60,121,291,121,866,117,866,735,100,735,-25,63,-25,2,12,2,0,0,33,33,14,14,2,2,0,0,0,0,79,79,25,25,49,49,25,25,25,25,65,14,65,100,100,2184,2184,0.028,0.028,1.287,1.286,0,0,690,700,343,343,63,63,0.051129,1.29663,934
0.117,0.054,0.249,1,0.127298,4.86,0.376132,173,0,326,379,30,60,121,291,121,866,117,866,735,100,735,-25,63,-25,2,12,2,0,0,33,33,14,14,2,2,0,0,0,0,79,79,25,25,49,49,25,25,25,25,65,14,65,100,100,2184,2184,0.028,0.028,1.287,1.286,0,0,690,700,343,343,63,63,0.051129,1.29663,934
15.751,0.77,85.626,5,1.56466,1.47,51.5061,131,495,452,915,47,14,83,184,62,252,22,346,218,33,299,-78,133,-66,2,12,17,37,25,10,3,49,67,27,3,0,0,0,0,0,2,16,19,37,39,47,42,26,28,22,24,33,0,3,800,610,1.533,10.577,523.931,1.356,21,0,4621,0,2054,44,298,32,0.047639,616.266,928
15.751,0.77,85.626,5,1.56466,1.47,51.5061,131,495,452,915,47,14,83,184,62,252,22,346,218,33,299,-78,133,-66,2,12,17,37,25,10,3,49,67,27,3,0,0,0,0,0,2,16,19,37,39,47,42,26,28,22,24,33,0,3,800,610,1.533,10.577,523.931,1.356,21,0,4621,0,2054,44,298,32,0.047639,616.266,928
15.751,0.77,85.626,5,1.56466,1.47,51.5061,131,495,452,915,47,14,83,184,62,252,22,346,218,33,299,-78,133,-66,2,12,17,37,25,10,3,49,67,27,3,0,0,0,0,0,2,16,19,37,39,47,42,26,28,22,24,33,0,3,800,610,1.533,10.577,523.931,1.356,21,0,4621,0,2054,44,298,32,0.047639,616.266,928
2.656,0.096,4.495,3,0.508092,17.94,4.59521,432,0,2,4,0,1,237,92,236,1313,195,1436,1100,74,1162,-12,100,-4,0,0,0,0,0,0,16,0,2,0,15,0,0,0,0,100,76,18,24,29,27,54,49,333,364,74,49,78,100,100,463,2489,0.0,8.891,0.0,16.996,0,1,27,1300,0,342,6,59,0.050123,331.211,892
2.656,0.096,4.495,3,0.508092,17.94,4.59521,432,0,2,4,0,1,237,92,236,1313,195,1436,1100,74,1162,-12,100,-4,0,0,0,0,0,0,16,0,2,0,15,0,0,0,0,100,76,18,24,29,27,54,49,333,364,74,49,78,100,100,463,2489,0.0,8.891,0.0,16.996,0,1,27,1300,0,342,6,59,0.050123,331.211,892
2.656,0.096,4.495,3,0.508092,17.94,4.59521,432,0,2,4,0,1,237,92,236,1313,195,1436,1100,74,1162,-12,100,-4,0,0,0,0,0,0,16,0,2,0,15,0,0,0,0,100,76,18,24,29,27,54,49,333,364,74,49,78,100,100,463,2489,0.0,8.891,0.0,16.996,0,1,27,1300,0,342,6,59,0.050123,331.211,892
0.136,0.063,0.344,1,0.138754,2.67,0.642322,301,0,63,276,14,4,77,307,77,801,74,801,677,104,677,-16,114,-16,18,79,18,0,0,45,45,3,3,1,1,0,0,0,0,2,2,18,18,46,46,36,36,23,23,76,30,76,100,100,5053,5053,0.448,0.448,31.533,31.535,0,0,4615,4600,3082,3081,278,278,0.050142,10.6907,945
0.136,0.063,0.344,1,0.138754,2.67,0.642322,301,0,63,276,14,4,77,307,77,801,74,801,677,104,677,-16,114,-16,18,79,18,0,0,45,45,3,3,1,1,0,0,0,0,2,2,18,18,46,46,36,36,23,23,76,30,76,100,100,5053,5053,0.448,0.448,31.533,31.535,0,0,4615,4600,3082,3081,278,278,0.050142,10.6907,945
48.614,21.453,101.427,4,1.57104,6.44,59.9266,406,245,30,12,8,3,143,228,135,1104,41,1086,896,97,881,-9,107,-9,2,8,2,95,94,15,18,0,3,1,1,0,0,0,0,0,0,17,19,35,36,48,45,26,31,78,40,79,0,14,1115,856,0.295,117.476,10.835,33.766,0,1,621,1300,165,329,69,101,0.058068,7655.27,950
48.614,21.453,101.427,4,1.57104,6.44,59.9266,406,245,30,12,8,3,143,228,135,1104,41,1086,896,97,881,-9,107,-9,2,8,2,95,94,15,18,0,3,1,1,0,0,0,0,0,0,17,19,35,36,48,45,26,31,78,40,79,0,14,1115,856,0.295,117.476,10.835,33.766,0,1,621,1300,165,329,69,101,0.058068,7655.27,950
48.614,21.453,101.427,4,1.57104,6.44,59.9266,406,245,30,12,8,3,143,228,135,1104,41,1086,896,97,881,-9,107,-9,2,8,2,95,94,15,18,0,3,1,1,0,0,0,0,0,0,17,19,35,36,48,45,26,31,78,40,79,0,14,1115,856,0.295,117.476,10.835,33.766,0,1,621,1300,165,329,69,101,0.058068,7655.27,950
3.197,0.892,8.585,2,0.705442,0.64,6.48125,187,0,49,743,46,16,87,203,79,526,50,597,450,75,502,-46,172,-37,8,49,11,0,13,81,83,1,3,1,0,0,0,0,0,0,0,17,22,44,48,38,30,38,20,52,57,59,0,0,1,2927,1.918,50.231,2168.388,130.824,100,7,6233,2400,2161,585,438,199,0.055867,2433.12,948
3.197,0.892,8.585,2,0.705442,0.64,6.48125,187,0,49,743,46,16,87,203,79,526,50,597,450,75,502,-46,172,-37,8,49,11,0,13,81,83,1,3,1,0,0,0,0,0,0,0,17,22,44,48,38,30,38,20,52,57,59,0,0,1,2927,1.918,50.231,2168.388,130.824,100,7,6233,2400,2161,585,438,199,0.055867,2433.12,948
3.197,0.892,8.585,2,0.705442,0.64,6.48125,187,0,49,743,46,16,87,203,79,526,50,597,450,75,502,-46,172,-37,8,49,11,0,13,81,83,1,3,1,0,0,0,0,0,0,0,17,22,44,48,38,30,38,20,52,57,59,0,0,1,2927,1.918,50.231,2168.388,130.824,100,7,6233,2400,2161,585,438,199,0.055867,2433.12,948
3512.29,876.474,9102.739,7,7.80822,6.12,3398.66,23,627,385,146,28,3,118,229,38,189,24,624,166,29,441,-83,148,-19,1,10,38,30,67,43,7,12,9,6,2,0,1,0,3,3,12,12,12,31,39,57,48,13,62,18,23,64,0,18,487,1903,0.059,1876.08,3.373,7.938,0,0,3297,300,308,91,151,35,0.055867,94978.4,948
3512.29,876.474,9102.739,7,7.80822,6.12,3398.66,23,627,385,146,28,3,118,229,38,189,24,624,166,29,441,-83,148,-19,1,10,38,30,67,43,7,12,9,6,2,0,1,0,3,3,12,12,12,31,39,57,48,13,62,18,23,64,0,18,487,1903,0.059,1876.08,3.373,7.938,0,0,3297,300,308,91,151,35,0.055867,94978.4,948
3512.29,876.474,9102.739,7,7.80822,6.12,3398.66,23,627,385,146,28,3,118,229,38,189,24,624,166,29,441,-83,148,-19,1,10,38,30,67,43,7,12,9,6,2,0,1,0,3,3,12,12,12,31,39,57,48,13,62,18,23,64,0,18,487,1903,0.059,1876.08,3.373,7.938,0,0,3297,300,308,91,151,35,0.055867,94978.4,948
0.01,0.0,0.272,3,0.169118,9.66,0.311801,14,0,383,1221,16,34,101,262,93,428,70,399,366,59,343,-65,76,-67,6,26,7,0,0,15,50,60,37,6,5,0,0,0,0,64,2,18,21,34,38,47,41,15,19,29,8,28,0,0,895,558,0.005,1.104,0.121,0.392,0,0,68,0,137,68,30,28,0.055481,52.2801,951
0.01,0.0,0.272,3,0.169118,9.66,0.311801,14,0,383,1221,16,34,101,262,93,428,70,399,366,59,343,-65,76,-67,6,26,7,0,0,15,50,60,37,6,5,0,0,0,0,64,2,18,21,34,38,47,41,15,19,29,8,28,0,0,895,558,0.005,1.104,0.121,0.392,0,0,68,0,137,68,30,28,0.055481,52.2801,951
0.01,0.0,0.272,3,0.169118,9.66,0.311801,14,0,383,1221,16,34,101,262,93,428,70,399,366,59,343,-65,76,-67,6,26,7,0,0,15,50,60,37,6,5,0,0,0,0,64,2,18,21,34,38,47,41,15,19,29,8,28,0,0,895,558,0.005,1.104,0.121,0.392,0,0,68,0,137,68,30,28,0.055481,52.2801,951
0.241,0.088,0.391,2,0.198648,5.94,0.395623,132,0,101,274,14,35,178,233,178,837,86,834,708,71,705,-43,74,-43,0,0,0,0,0,39,37,53,55,1,1,0,0,0,0,0,0,20,20,37,37,43,43,9,9,51,24,51,0,0,1485,1830,0.033,0.499,2.443,8.242,0,0,2464,1500,313,242,64,99,0.049515,27.2641,908
0.241,0.088,0.391,2,0.198648,5.94,0.395623,132,0,101,274,14,35,178,233,178,837,86,834,708,71,705,-43,74,-43,0,0,0,0,0,39,37,53,55,1,1,0,0,0,0,0,0,20,20,37,37,43,43,9,9,51,24,51,0,0,1485,1830,0.033,0.499,2.443,8.242,0,0,2464,1500,313,242,64,99,0.049515,27.2641,908
0.241,0.088,0.391,2,0.198648,5.94,0.395623,132,0,101,274,14,35,178,233,178,837,86,834,708,71,705,-43,74,-43,0,0,0,0,0,39,37,53,55,1,1,0,0,0,0,0,0,20,20,37,37,43,43,9,9,51,24,51,0,0,1485,1830,0.033,0.499,2.443,8.242,0,0,2464,1500,313,242,64,99,0.049515,27.2641,908
0.244,0.042,0.867,2,0.263146,2.73,0.857875,26,0,627,789,91,40,188,210,156,450,50,571,381,38,483,-72,103,-61,0,0,0,22,80,3,2,52,32,0,0,0,0,0,0,0,4,20,22,33,33,46,45,11,22,27,31,37,0,0,5471,6518,0.002,0.042,0.161,0.154,0,0,445,200,29,89,67,43,0.045307,2.16318,932
0.244,0.042,0.867,2,0.263146,2.73,0.857875,26,0,627,789,91,40,188,210,156,450,50,571,381,38,483,-72,103,-61,0,0,0,22,80,3,2,52,32,0,0,0,0,0,0,0,4,20,22,33,33,46,45,11,22,27,31,37,0,0,5471,6518,0.002,0.042,0.161,0.154,0,0,445,200,29,89,67,43,0.045307,2.16318,932
0.244,0.042,0.867,2,0.263146,2.73,0.857875,26,0,627,789,91,40,188,210,156,450,50,571,381,38,483,-72,103,-61,0,0,0,22,80,3,2,52,32,0,0,0,0,0,0,0,4,20,22,33,33,46,45,11,22,27,31,37,0,0,5471,6518,0.002,0.042,0.161,0.154,0,0,445,200,29,89,67,43,0.045307,2.16318,932
2.583,1.919,3.814,3,0.469602,1.21,3.21736,385,0,20,10,4,8,180,190,180,1271,101,1278,1067,83,1070,-4,94,-4,1,5,1,100,100,1,0,0,0,0,0,0,0,0,0,0,0,19,17,35,33,46,50,43,47,83,28,83,100,100,67,77,0.008,0.352,2.632,1.685,0,0,547,200,228,95,93,46,0.042583,18.2082,865
2.583,1.919,3.814,3,0.469602,1.21,3.21736,385,0,20,10,4,8,180,190,180,1271,101,1278,1067,83,1070,-4,94,-4,1,5,1,100,100,1,0,0,0,0,0,0,0,0,0,0,0,19,17,35,33,46,50,43,47,83,28,83,100,100,67,77,0.008,0.352,2.632,1.685,0,0,547,200,228,95,93,46,0.042583,18.2082,865
2.583,1.919,3.814,3,0.469602,1.21,3.21736,385,0,20,10,4,8,180,190,180,1271,101,1278,1067,83,1070,-4,94,-4,1,5,1,100,100,1,0,0,0,0,0,0,0,0,0,0,0,19,17,35,33,46,50,43,47,83,28,83,100,100,67,77,0.008,0.352,2.632,1.685,0,0,547,200,228,95,93,46,0.042583,18.2082,865
3512.441,875.353,9097.761,7,7.80147,1.76,3394.0,51,627,63,120,7,6,118,239,38,177,24,627,157,28,443,-84,151,-19,4,32,39,58,67,2,7,28,9,0,2,0,1,0,3,1,12,14,12,34,39,52,48,11,62,16,22,64,0,18,84,1914,0.0,1862.892,0.003,7.938,0,0,755,300,125,90,61,34,0.055867,94034.0,948
3512.441,875.353,9097.761,7,7.80147,1.76,3394.0,51,627,63,120,7,6,118,239,38,177,24,627,157,28,443,-84,151,-19,4,32,39,58,67,2,7,28,9,0,2,0,1,0,3,1,12,14,12,34,39,52,48,11,62,16,22,64,0,18,84,1914,0.0,1862.892,0.003,7.938,0,0,755,300,125,90,61,34,0.055867,94034.0,948
3512.441,875.353,9097.761,7,7.80147,1.76,3394.0,51,627,63,120,7,6,118,239,38,177,24,627,157,28,443,-84,151,-19,4,32,39,58,67,2,7,28,9,0,2,0,1,0,3,1,12,14,12,34,39,52,48,11,62,16,22,64,0,18,84,1914,0.0,1862.892,0.003,7.938,0,0,755,300,125,90,61,34,0.055867,94034.0,948
3512.542,875.56,9098.128,7,7.79044,3.39,3399.23,49,627,166,130,12,3,117,239,38,178,23,626,157,28,442,-84,150,-19,3,30,39,25,67,2,7,28,9,0,2,0,1,0,3,17,12,13,12,32,39,55,48,11,62,16,22,64,0,18,190,1913,0.0,1862.94,0.003,7.934,0,0,646,300,95,90,70,34,0.055867,94035.2,948
3512.542,875.56,9098.128,7,7.79044,3.39,3399.23,49,627,166,130,12,3,117,239,38,178,23,626,157,28,442,-84,150,-19,3,30,39,25,67,2,7,28,9,0,2,0,1,0,3,17,12,13,12,32,39,55,48,11,62,16,22,64,0,18,190,1913,0.0,1862.94,0.003,7.934,0,0,646,300,95,90,70,34,0.055867,94035.2,948
3512.542,875.56,9098.128,7,7.79044,3.39,3399.23,49,627,166,130,12,3,117,239,38,178,23,626,157,28,442,-84,150,-19,3,30,39,25,67,2,7,28,9,0,2,0,1,0,3,17,12,13,12,32,39,55,48,11,62,16,22,64,0,18,190,1913,0.0,1862.94,0.003,7.934,0,0,646,300,95,90,70,34,0.055867,94035.2,948
0.117,0.054,0.249,1,0.127298,4.86,0.376132,173,0,326,379,30,60,121,291,121,866,117,866,735,100,735,-25,63,-25,2,12,2,0,0,33,33,14,14,2,2,0,0,0,0,79,79,25,25,49,49,25,25,25,25,65,14,65,100,100,2184,2184,0.028,0.028,1.287,1.286,0,0,690,700,343,343,63,63,0.051129,1.29663,934
0.117,0.054,0.249,1,0.127298,4.86,0.376132,173,0,326,379,30,60,121,291,121,866,117,866,735,100,735,-25,63,-25,2,12,2,0,0,33,33,14,14,2,2,0,0,0,0,79,79,25,25,49,49,25,25,25,25,65,14,65,100,100,2184,2184,0.028,0.028,1.287,1.286,0,0,690,700,343,343,63,63,0.051129,1.29663,934
0.117,0.054,0.249,1,0.127298,4.86,0.376132,173,0,326,379,30,60,121,291,121,866,117,866,735,100,735,-25,63,-25,2,12,2,0,0,33,33,14,14,2,2,0,0,0,0,79,79,25,25,49,49,25,25,25,25,65,14,65,100,100,2184,2184,0.028,0.028,1.287,1.286,0,0,690,700,343,343,63,63,0.051129,1.29663,934
0.749,0.12,2.082,2,0.265042,12.97,1.66893,253,0,475,1369,128,503,116,174,110,833,155,854,596,88,593,-30,174,-26,16,48,18,100,100,0,1,5,6,0,0,0,0,0,0,0,0,13,13,30,30,57,57,48,49,57,83,59,0,0,420,732,0.002,0.009,0.03,0.1,0,0,0,0,0,23,6,5,0.055768,2.39998,951
0.749,0.12,2.082,2,0.265042,12.97,1.66893,253,0,475,1369,128,503,116,174,110,833,155,854,596,88,593,-30,174,-26,16,48,18,100,100,0,1,5,6,0,0,0,0,0,0,0,0,13,13,30,30,57,57,48,49,57,83,59,0,0,420,732,0.002,0.009,0.03,0.1,0,0,0,0,0,23,6,5,0.055768,2.39998,951
0.749,0.12,2.082,2,0.265042,12.97,1.66893,253,0,475,1369,128,503,116,174,110,833,155,854,596,88,593,-30,174,-26,16,48,18,100,100,0,1,5,6,0,0,0,0,0,0,0,0,13,13,30,30,57,57,48,49,57,83,59,0,0,420,732,0.002,0.009,0.03,0.1,0,0,0,0,0,23,6,5,0.055768,2.39998,951
0.016,0.004,0.049,1,0.0669014,3.65,0.10411,16,0,792,2177,176,1918,115,168,115,691,109,691,587,46,587,-40,138,-40,4,18,4,100,100,0,0,16,16,0,0,0,0,0,0,87,87,15,15,33,33,52,52,38,38,55,38,55,0,0,9330,9330,0.022,0.022,0.673,0.672,0,0,544,500,15,15,57,57,0.045307,0.944388,932
0.016,0.004,0.049,1,0.0669014,3.65,0.10411,16,0,792,2177,176,1918,115,168,115,691,109,691,587,46,587,-40,138,-40,4,18,4,100,100,0,0,16,16,0,0,0,0,0,0,87,87,15,15,33,33,52,52,38,38,55,38,55,0,0,9330,9330,0.022,0.022,0.673,0.672,0,0,544,500,15,15,57,57,0.045307,0.944388,932
0.018,0.004,0.053,1,0.0933009,13.14,0.0582953,16,0,950,1620,172,692,150,179,150,543,90,543,460,35,460,-59,109,-59,1,3,1,90,90,0,0,33,33,0,0,0,0,0,0,55,55,17,17,33,33,50,50,22,22,38,29,38,0,0,10995,10995,0.159,0.159,4.513,4.515,1,1,1152,1200,1250,1250,87,87,0.045307,0.171551,932
0.318,0.164,0.799,1,0.169029,2.79,1.29104,590,0,178,133,24,74,113,249,113,1137,40,1137,838,103,838,9,112,9,7,38,7,81,81,47,47,20,20,0,0,0,0,0,0,0,0,19,19,36,36,45,45,36,36,86,33,86,35,35,5326,5326,0.59,0.59,34.917,34.921,0,0,3110,3100,808,808,243,244,0.053263,27.6851,943
0.318,0.164,0.799,1,0.169029,2.79,1.29104,590,0,178,133,24,74,113,249,113,1137,40,1137,838,103,838,9,112,9,7,38,7,81,81,47,47,20,20,0,0,0,0,0,0,0,0,19,19,36,36,45,45,36,36,86,33,86,35,35,5326,5326,0.59,0.59,34.917,34.921,0,0,3110,3100,808,808,243,244,0.053263,27.6851,943
0.318,0.164,0.799,1,0.169029,2.79,1.29104,590,0,178,133,24,74,113,249,113,1137,40,1137,838,103,838,9,112,9,7,38,7,81,81,47,47,20,20,0,0,0,0,0,0,0,0,19,19,36,36,45,45,36,36,86,33,86,35,35,5326,5326,0.59,0.59,34.917,34.921,0,0,3110,3100,808,808,243,244,0.053263,27.6851,943
0.318,0.164,0.799,1,0.169029,2.79,1.29104,590,0,178,133,24,74,113,249,113,1137,40,1137,838,103,838,9,112,9,7,38,7,81,81,47,47,20,20,0,0,0,0,0,0,0,0,19,19,36,36,45,45,36,36,86,33,86,35,35,5326,5326,0.59,0.59,34.917,34.921,0,0,3110,3100,808,808,243,244,0.053263,27.6851,943
0.318,0.164,0.799,1,0.169029,2.79,1.29104,590,0,178,133,24,74,113,249,113,1137,40,1137,838,103,838,9,112,9,7,38,7,81,81,47,47,20,20,0,0,0,0,0,0,0,0,19,19,36,36,45,45,36,36,86,33,86,35,35,5326,5326,0.59,0.59,34.917,34.921,0,0,3110,3100,808,808,243,244,0.053263,27.6851,943
0.318,0.164,0.799,1,0.169029,2.79,1.29104,590,0,178,133,24,74,113,249,113,1137,40,1137,838,103,838,9,112,9,7,38,7,81,81,47,47,20,20,0,0,0,0,0,0,0,0,19,19,36,36,45,45,36,36,86,33,86,35,35,5326,5326,0.59,0.59,34.917,34.921,0,0,3110,3100,808,808,243,244,0.053263,27.6851,943
0.239,0.101,0.584,1,0.152503,4.31,0.826914,361,0,371,934,108,196,65,232,65,630,62,630,514,90,514,-30,176,-30,37,97,37,94,94,0,0,1,1,0,0,0,0,0,0,0,0,6,6,40,40,54,54,92,92,64,67,64,0,0,406,406,0.014,0.014,0.687,0.687,0,0,481,500,0,0,23,23,0.055867,0.430145,948
0.239,0.101,0.584,1,0.152503,4.31,0.826914,361,0,371,934,108,196,65,232,65,630,62,630,514,90,514,-30,176,-30,37,97,37,94,94,0,0,1,1,0,0,0,0,0,0,0,0,6,6,40,40,54,54,92,92,64,67,64,0,0,406,406,0.014,0.014,0.687,0.687,0,0,481,500,0,0,23,23,0.055867,0.430145,948
0.239,0.101,0.584,1,0.152503,4.31,0.826914,361,0,371,934,108,196,65,232,65,630,62,630,514,90,514,-30,176,-30,37,97,37,94,94,0,0,1,1,0,0,0,0,0,0,0,0,6,6,40,40,54,54,92,92,64,67,64,0,0,406,406,0.014,0.014,0.687,0.687,0,0,481,500,0,0,23,23,0.055867,0.430145,948
0.24,0.105,0.617,1,0.144244,3.48,0.943391,308,0,221,316,45,30,75,308,75,820,75,820,693,107,693,-13,112,-13,18,82,18,74,74,32,32,5,5,1,1,0,0,0,0,9,9,18,18,44,44,38,38,36,36,78,31,78,100,100,5148,5148,1.147,1.147,46.66,46.658,0,0,3717,3700,811,811,320,320,0.050142,70.4327,945
0.24,0.105,0.617,1,0.144244,3.48,0.943391,308,0,221,316,45,30,75,308,75,820,75,820,693,107,693,-13,112,-13,18,82,18,74,74,32,32,5,5,1,1,0,0,0,0,9,9,18,18,44,44,38,38,36,36,78,31,78,100,100,5148,5148,1.147,1.147,46.66,46.658,0,0,3717,3700,811,811,320,320,0.050142,70.4327,945
98.731,53.987,164.191,6,1.89367,7.86,91.9757,193,3746,157,165,13,11,201,196,174,813,73,559,688,59,473,-45,81,-63,0,3,0,51,9,11,21,10,65,0,4,0,0,0,0,0,0,37,24,34,35,29,41,11,12,49,26,32,100,37,534,1190,77.855,1241.871,1911.477,12.972,96,1,6299,500,7615,222,369,61,0.049515,61859.3,908
98.731,53.987,164.191,6,1.89367,7.86,91.9757,193,3746,157,165,13,11,201,196,174,813,73,559,688,59,473,-45,81,-63,0,3,0,51,9,11,21,10,65,0,4,0,0,0,0,0,0,37,24,34,35,29,41,11,12,49,26,32,100,37,534,1190,77.855,1241.871,1911.477,12.972,96,1,6299,500,7615,222,369,61,0.049515,61859.3,908
98.731,53.987,164.191,6,1.89367,7.86,91.9757,193,3746,157,165,13,11,201,196,174,813,73,559,688,59,473,-45,81,-63,0,3,0,51,9,11,21,10,65,0,4,0,0,0,0,0,0,37,24,34,35,29,41,11,12,49,26,32,100,37,534,1190,77.855,1241.871,1911.477,12.972,96,1,6299,500,7615,222,369,61,0.049515,61859.3,908
2.428,0.957,7.824,2,0.485342,7.81,5.89309,495,0,354,289,64,13,98,252,95,975,40,986,772,106,769,-5,117,-3,5,28,8,85,91,26,22,2,2,0,0,0,0,0,0,0,0,19,19,41,42,40,40,38,39,81,41,82,51,36,2600,1589,0.43,1.22,11.971,8.032,0,0,697,700,170,195,85,69,0.053263,84.0968,943
0.385,0.152,1.243,1,0.222994,7.16,1.17975,504,0,496,406,89,156,91,251,91,995,42,995,767,107,767,0,115,0,8,36,8,97,97,25,25,2,2,0,0,0,0,0,0,0,0,18,18,43,43,39,39,40,40,83,38,83,99,99,678,678,0.066,0.066,2.741,2.741,0,0,564,600,120,120,46,46,0.053263,2.2568,943
2.428,0.957,7.824,2,0.485342,7.81,5.89309,495,0,354,289,64,13,98,252,95,975,40,986,772,106,769,-5,117,-3,5,28,8,85,91,26,22,2,2,0,0,0,0,0,0,0,0,19,19,41,42,40,40,38,39,81,41,82,51,36,2600,1589,0.43,1.22,11.971,8.032,0,0,697,700,170,195,85,69,0.053263,84.0968,943
0.679,0.416,1.27,2,0.302339,9.69,1.10702,257,0,99,275,21,21,88,277,87,907,58,906,736,108,734,-8,127,-8,12,68,14,72,50,16,32,6,7,4,3,0,0,0,0,0,0,18,18,45,45,36,37,32,31,81,41,82,0,0,922,2009,0.588,2.162,27.266,27.169,0,0,2079,1500,584,356,152,109,0.045537,98.2738,944
0.679,0.416,1.27,2,0.302339,9.69,1.10702,257,0,99,275,21,21,88,277,87,907,58,906,736,108,734,-8,127,-8,12,68,14,72,50,16,32,6,7,4,3,0,0,0,0,0,0,18,18,45,45,36,37,32,31,81,41,82,0,0,922,2009,0.588,2.162,27.266,27.169,0,0,2079,1500,584,356,152,109,0.045537,98.2738,944
0.679,0.416,1.27,2,0.302339,9.69,1.10702,257,0,99,275,21,21,88,277,87,907,58,906,736,108,734,-8,127,-8,12,68,14,72,50,16,32,6,7,4,3,0,0,0,0,0,0,18,18,45,45,36,37,32,31,81,41,82,0,0,922,2009,0.588,2.162,27.266,27.169,0,0,2079,1500,584,356,152,109,0.045537,98.2738,944
2.651,0.662,4.519,2,0.441918,7.12,3.46334,1363,0,679,736,178,212,84,165,71,1892,295,1863,690,102,658,48,182,50,22,53,27,100,100,0,0,2,1,0,0,0,0,0,0,95,97,11,10,40,40,50,50,107,106,80,60,81,0,0,1052,1002,0.004,0.007,0.237,0.115,0,0,11,0,106,87,14,14,0.047639,0.097942,928
0.309,0.027,0.847,1,0.19709,3.41,0.992962,878,0,420,204,125,132,112,82,112,1167,209,1167,614,71,614,14,182,14,12,33,12,100,100,0,0,0,0,0,0,0,0,0,0,0,0,15,15,31,31,54,54,84,84,68,74,68,0,0,119,119,0.004,0.004,0.357,0.357,0,0,6,0,313,313,49,49,0.055768,0.506405,951
0.309,0.027,0.847,1,0.19709,3.41,0.992962,878,0,420,204,125,132,112,82,112,1167,209,1167,614,71,614,14,182,14,12,33,12,100,100,0,0,0,0,0,0,0,0,0,0,0,0,15,15,31,31,54,54,84,84,68,74,68,0,0,119,119,0.004,0.004,0.357,0.357,0,0,6,0,313,313,49,49,0.055768,0.506405,951
0.309,0.027,0.847,1,0.19709,3.41,0.992962,878,0,420,204,125,132,112,82,112,1167,209,1167,614,71,614,14,182,14,12,33,12,100,100,0,0,0,0,0,0,0,0,0,0,0,0,15,15,31,31,54,54,84,84,68,74,68,0,0,119,119,0.004,0.004,0.357,0.357,0,0,6,0,313,313,49,49,0.055768,0.506405,951
0.186,0.016,0.512,1,0.168109,1.59,1.1239,863,0,435,179,85,43,111,79,111,1162,208,1162,611,70,611,14,182,14,12,31,12,100,100,0,0,2,2,0,0,0,0,0,0,10,10,14,14,31,31,55,55,84,84,69,74,69,0,0,87,87,0.068,0.068,9.99,9.991,0,0,234,200,466,465,44,44,0.055768,1.32186,951
0.186,0.016,0.512,1,0.168109,1.59,1.1239,863,0,435,179,85,43,111,79,111,1162,208,1162,611,70,611,14,182,14,12,31,12,100,100,0,0,2,2,0,0,0,0,0,0,10,10,14,14,31,31,55,55,84,84,69,74,69,0,0,87,87,0.068,0.068,9.99,9.991,0,0,234,200,466,465,44,44,0.055768,1.32186,951
0.186,0.016,0.512,1,0.168109,1.59,1.1239,863,0,435,179,85,43,111,79,111,1162,208,1162,611,70,611,14,182,14,12,31,12,100,100,0,0,2,2,0,0,0,0,0,0,10,10,14,14,31,31,55,55,84,84,69,74,69,0,0,87,87,0.068,0.068,9.99,9.991,0,0,234,200,466,465,44,44,0.055768,1.32186,951
0.349,0.114,1.151,2,0.260894,9.89,1.03276,92,0,559,2529,98,267,38,208,12,487,33,621,420,62,487,-48,100,-20,27,72,40,100,100,0,0,7,11,0,0,0,0,0,5,0,17,9,9,28,31,63,60,66,67,46,20,66,0,0,452,2264,0.703,0.754,20.428,6.973,0,0,1083,700,208,149,90,65,0.055481,23.5507,951
0.349,0.114,1.151,2,0.260894,9.89,1.03276,92,0,559,2529,98,267,38,208,12,487,33,621,420,62,487,-48,100,-20,27,72,40,100,100,0,0,7,11,0,0,0,0,0,5,0,17,9,9,28,31,63,60,66,67,46,20,66,0,0,452,2264,0.703,0.754,20.428,6.973,0,0,1083,700,208,149,90,65,0.055481,23.5507,951
0.349,0.114,1.151,2,0.260894,9.89,1.03276,92,0,559,2529,98,267,38,208,12,487,33,621,420,62,487,-48,100,-20,27,72,40,100,100,0,0,7,11,0,0,0,0,0,5,0,17,9,9,28,31,63,60,66,67,46,20,66,0,0,452,2264,0.703,0.754,20.428,6.973,0,0,1083,700,208,149,90,65,0.055481,23.5507,951
0.179,0.102,0.372,1,0.151134,0.69,1.93188,796,0,128,49,20,0,92,257,92,1114,28,1114,757,103,757,13,130,13,12,55,12,40,40,0,0,0,0,0,0,0,0,0,0,0,0,4,4,26,26,70,70,68,68,84,39,84,0,0,383,383,4.628,4.628,671.113,671.137,92,92,6300,6300,7981,7981,337,337,0.067299,330.339,954
0.179,0.102,0.372,1,0.151134,0.69,1.93188,796,0,128,49,20,0,92,257,92,1114,28,1114,757,103,757,13,130,13,12,55,12,40,40,0,0,0,0,0,0,0,0,0,0,0,0,4,4,26,26,70,70,68,68,84,39,84,0,0,383,383,4.628,4.628,671.113,671.137,92,92,6300,6300,7981,7981,337,337,0.067299,330.339,954
0.179,0.102,0.372,1,0.151134,0.69,1.93188,796,0,128,49,20,0,92,257,92,1114,28,1114,757,103,757,13,130,13,12,55,12,40,40,0,0,0,0,0,0,0,0,0,0,0,0,4,4,26,26,70,70,68,68,84,39,84,0,0,383,383,4.628,4.628,671.113,671.137,92,92,6300,6300,7981,7981,337,337,0.067299,330.339,954
1.982,1.127,4.171,2,0.361289,12.93,2.8959,794,0,66,24,13,22,91,259,91,1145,41,1142,749,103,750,16,132,16,14,58,16,100,100,10,6,2,2,1,1,0,0,0,0,11,7,6,6,32,30,62,64,85,83,85,39,85,0,0,266,270,7.117,13.868,158.89,179.954,0,0,4323,4700,3405,2958,302,310,0.067299,850.477,954
1.982,1.127,4.171,2,0.361289,12.93,2.8959,794,0,66,24,13,22,91,259,91,1145,41,1142,749,103,750,16,132,16,14,58,16,100,100,10,6,2,2,1,1,0,0,0,0,11,7,6,6,32,30,62,64,85,83,85,39,85,0,0,266,270,7.117,13.868,158.89,179.954,0,0,4323,4700,3405,2958,302,310,0.067299,850.477,954
0.398,0.243,0.857,1,0.186982,5.58,0.800538,690,0,548,279,54,176,72,269,72,1178,24,1178,779,112,779,20,123,20,27,91,27,83,83,4,4,1,1,0,0,0,0,0,0,0,0,6,6,32,32,61,61,74,74,88,31,88,0,0,132,132,0.256,0.256,14.043,14.041,0,0,781,800,158,158,79,79,0.067299,13.1113,954
0.398,0.243,0.857,1,0.186982,5.58,0.800538,690,0,548,279,54,176,72,269,72,1178,24,1178,779,112,779,20,123,20,27,91,27,83,83,4,4,1,1,0,0,0,0,0,0,0,0,6,6,32,32,61,61,74,74,88,31,88,0,0,132,132,0.256,0.256,14.043,14.041,0,0,781,800,158,158,79,79,0.067299,13.1113,954
0.398,0.243,0.857,1,0.186982,5.58,0.800538,690,0,548,279,54,176,72,269,72,1178,24,1178,779,112,779,20,123,20,27,91,27,83,83,4,4,1,1,0,0,0,0,0,0,0,0,6,6,32,32,61,61,74,74,88,31,88,0,0,132,132,0.256,0.256,14.043,14.041,0,0,781,800,158,158,79,79,0.067299,13.1113,954
0.361,0.109,1.188,1,0.181828,9.5,1.09537,168,0,603,3323,179,260,-11,214,-11,708,31,708,514,82,514,2,140,2,55,95,55,100,100,0,0,13,13,0,0,0,0,13,13,100,100,10,10,35,35,55,55,74,74,80,37,80,0,0,2714,2715,0.002,0.002,0.028,0.028,0,0,63,100,0,0,30,30,0.055481,0.065611,951
0.361,0.109,1.188,1,0.181828,9.5,1.09537,168,0,603,3323,179,260,-11,214,-11,708,31,708,514,82,514,2,140,2,55,95,55,100,100,0,0,13,13,0,0,0,0,13,13,100,100,10,10,35,35,55,55,74,74,80,37,80,0,0,2714,2715,0.002,0.002,0.028,0.028,0,0,63,100,0,0,30,30,0.055481,0.065611,951
0.361,0.109,1.188,1,0.181828,9.5,1.09537,168,0,603,3323,179,260,-11,214,-11,708,31,708,514,82,514,2,140,2,55,95,55,100,100,0,0,13,13,0,0,0,0,13,13,100,100,10,10,35,35,55,55,74,74,80,37,80,0,0,2714,2715,0.002,0.002,0.028,0.028,0,0,63,100,0,0,30,30,0.055481,0.065611,951
0.437,0.095,0.804,1,0.196746,4.16,0.770433,1486,0,590,570,159,336,85,162,85,2437,404,2437,659,97,659,64,183,64,27,64,27,100,100,0,0,0,0,0,0,0,0,0,0,0,0,20,20,48,48,31,31,90,90,84,52,84,0,0,763,763,0.056,0.056,6.006,6.005,0,0,290,300,27,26,42,42,0.055867,4.65961,948
0.448,0.306,0.69,2,0.173638,18.66,0.652304,121,0,104,897,83,80,-119,396,-121,228,38,230,216,65,216,-37,181,-35,68,100,67,0,0,0,0,0,0,0,0,0,0,99,100,100,100,16,16,42,42,42,42,146,139,66,27,67,0,0,212,692,0.0,0.0,0.0,0.0,0,0,0,0,79,52,14,11,0.058023,0.0,948
0.448,0.306,0.69,2,0.173638,18.66,0.652304,121,0,104,897,83,80,-119,396,-121,228,38,230,216,65,216,-37,181,-35,68,100,67,0,0,0,0,0,0,0,0,0,0,99,100,100,100,16,16,42,42,42,42,146,139,66,27,67,0,0,212,692,0.0,0.0,0.0,0.0,0,0,0,0,79,52,14,11,0.058023,0.0,948
0.448,0.306,0.69,2,0.173638,18.66,0.652304,121,0,104,897,83,80,-119,396,-121,228,38,230,216,65,216,-37,181,-35,68,100,67,0,0,0,0,0,0,0,0,0,0,99,100,100,100,16,16,42,42,42,42,146,139,66,27,67,0,0,212,692,0.0,0.0,0.0,0.0,0,0,0,0,79,52,14,11,0.058023,0.0,948
0.323,0.229,0.485,1,0.134025,21.35,0.447775,115,0,109,856,81,126,-118,394,-118,225,36,225,214,64,214,-38,182,-38,66,100,66,0,0,0,0,0,0,0,0,0,0,99,99,91,91,16,16,43,43,41,41,127,127,65,27,65,0,0,216,216,0.001,0.001,0.005,0.005,0,0,0,0,76,76,28,28,0.058023,0.050729,948
0.323,0.229,0.485,1,0.134025,21.35,0.447775,115,0,109,856,81,126,-118,394,-118,225,36,225,214,64,214,-38,182,-38,66,100,66,0,0,0,0,0,0,0,0,0,0,99,99,91,91,16,16,43,43,41,41,127,127,65,27,65,0,0,216,216,0.001,0.001,0.005,0.005,0,0,0,0,76,76,28,28,0.058023,0.050729,948
0.391,0.278,0.635,1,0.135738,20.1,0.523234,130,0,83,799,58,116,-116,399,-116,227,38,227,215,65,215,-38,182,-38,67,100,67,0,0,0,0,0,0,0,0,0,0,99,99,99,99,16,16,44,44,40,40,115,115,65,28,65,0,0,231,231,0.0,0.0,0.0,0.0,0,0,15,0,104,103,25,25,0.058023,0.0,948
18.016,2.93,76.705,4,1.50254,4.08,46.4461,201,231,70,2351,16,42,31,281,-3,309,24,564,268,39,456,-71,144,-26,25,100,47,100,87,7,2,44,19,22,3,0,0,0,9,0,21,13,11,33,35,54,55,20,58,29,20,65,0,16,448,2980,2.922,9.741,434.211,3.702,34,0,5198,200,1227,64,320,26,0.055481,449.898,951
18.016,2.93,76.705,4,1.50254,4.08,46.4461,201,231,70,2351,16,42,31,281,-3,309,24,564,268,39,456,-71,144,-26,25,100,47,100,87,7,2,44,19,22,3,0,0,0,9,0,21,13,11,33,35,54,55,20,58,29,20,65,0,16,448,2980,2.922,9.741,434.211,3.702,34,0,5198,200,1227,64,320,26,0.055481,449.898,951
18.016,2.93,76.705,4,1.50254,4.08,46.4461,201,231,70,2351,16,42,31,281,-3,309,24,564,268,39,456,-71,144,-26,25,100,47,100,87,7,2,44,19,22,3,0,0,0,9,0,21,13,11,33,35,54,55,20,58,29,20,65,0,16,448,2980,2.922,9.741,434.211,3.702,34,0,5198,200,1227,64,320,26,0.055481,449.898,951
0.242,0.129,0.47,1,0.119861,4.69,0.662687,236,0,310,493,111,281,-49,396,-49,303,45,303,272,69,272,-41,182,-41,54,100,54,90,90,0,0,0,0,0,0,0,0,50,50,0,0,12,12,41,41,47,47,112,112,60,30,60,0,0,22,22,0.038,0.038,1.156,1.156,0,0,15,0,1,1,16,16,0.058023,2.34274,948
0.242,0.129,0.47,1,0.119861,4.69,0.662687,236,0,310,493,111,281,-49,396,-49,303,45,303,272,69,272,-41,182,-41,54,100,54,90,90,0,0,0,0,0,0,0,0,50,50,0,0,12,12,41,41,47,47,112,112,60,30,60,0,0,22,22,0.038,0.038,1.156,1.156,0,0,15,0,1,1,16,16,0.058023,2.34274,948
0.09,0.056,0.144,1,0.104159,1.16,0.928448,268,0,86,184,40,86,-30,389,-30,307,46,307,276,67,276,-45,183,-45,50,100,50,60,60,0,0,0,0,5,5,0,0,22,22,0,0,13,13,43,43,44,44,122,122,57,32,57,0,0,17,17,2.209,2.209,210.244,210.315,15,15,6279,6300,2903,2902,357,357,0.058023,116.823,948
0.176,0.096,0.322,1,0.120339,0.55,2.71091,457,0,15,9,6,0,147,220,147,1058,36,1058,826,85,826,-2,110,-2,1,4,1,40,41,100,100,0,0,10,10,0,0,0,0,0,0,18,18,33,33,49,48,33,33,81,36,81,0,0,1894,1915,0.376,0.374,25.496,25.809,0,0,1007,1000,550,543,122,123,0.058068,32.7047,950
0.176,0.096,0.322,1,0.120339,0.55,2.71091,457,0,15,9,6,0,147,220,147,1058,36,1058,826,85,826,-2,110,-2,1,4,1,40,41,100,100,0,0,10,10,0,0,0,0,0,0,18,18,33,33,49,48,33,33,81,36,81,0,0,1894,1915,0.376,0.374,25.496,25.809,0,0,1007,1000,550,543,122,123,0.058068,32.7047,950
0.176,0.096,0.322,1,0.120339,0.55,2.71091,457,0,15,9,6,0,147,220,147,1058,36,1058,826,85,826,-2,110,-2,1,4,1,40,41,100,100,0,0,10,10,0,0,0,0,0,0,18,18,33,33,49,48,33,33,81,36,81,0,0,1894,1915,0.376,0.374,25.496,25.809,0,0,1007,1000,550,543,122,123,0.058068,32.7047,950
1.953,0.756,2.878,3,0.416338,10.1,2.40693,209,0,79,318,10,24,161,241,159,1007,102,1001,853,91,847,-24,86,-24,0,1,0,0,0,30,31,49,52,0,0,0,0,0,0,0,0,27,28,45,46,28,27,17,16,67,29,67,100,87,1317,1250,0.117,1.364,3.523,4.286,0,0,202,200,85,67,75,69,0.046422,58.6822,809
1.953,0.756,2.878,3,0.416338,10.1,2.40693,209,0,79,318,10,24,161,241,159,1007,102,1001,853,91,847,-24,86,-24,0,1,0,0,0,30,31,49,52,0,0,0,0,0,0,0,0,27,28,45,46,28,27,17,16,67,29,67,100,87,1317,1250,0.117,1.364,3.523,4.286,0,0,202,200,85,67,75,69,0.046422,58.6822,809
1.953,0.756,2.878,3,0.416338,10.1,2.40693,209,0,79,318,10,24,161,241,159,1007,102,1001,853,91,847,-24,86,-24,0,1,0,0,0,30,31,49,52,0,0,0,0,0,0,0,0,27,28,45,46,28,27,17,16,67,29,67,100,87,1317,1250,0.117,1.364,3.523,4.286,0,0,202,200,85,67,75,69,0.046422,58.6822,809
67.129,16.792,168.115,6,1.99947,2.26,94.1168,20,1571,25,1525,4,13,135,239,52,221,31,446,189,18,366,-85,92,-54,0,3,21,36,59,2,6,3,38,3,7,0,0,0,1,0,14,19,14,35,33,46,53,11,37,15,9,41,0,13,205,1285,1.321,440.349,363.601,9.946,80,1,6300,300,7178,165,348,48,0.043737,20547.7,889
67.129,16.792,168.115,6,1.99947,2.26,94.1168,20,1571,25,1525,4,13,135,239,52,221,31,446,189,18,366,-85,92,-54,0,3,21,36,59,2,6,3,38,3,7,0,0,0,1,0,14,19,14,35,33,46,53,11,37,15,9,41,0,13,205,1285,1.321,440.349,363.601,9.946,80,1,6300,300,7178,165,348,48,0.043737,20547.7,889
67.129,16.792,168.115,6,1.99947,2.26,94.1168,20,1571,25,1525,4,13,135,239,52,221,31,446,189,18,366,-85,92,-54,0,3,21,36,59,2,6,3,38,3,7,0,0,0,1,0,14,19,14,35,33,46,53,11,37,15,9,41,0,13,205,1285,1.321,440.349,363.601,9.946,80,1,6300,300,7178,165,348,48,0.043737,20547.7,889
2.766,0.754,10.295,4,0.715861,6.17,7.68071,74,362,773,1766,130,83,79,231,32,375,53,481,325,50,405,-66,77,-43,7,39,29,100,78,11,2,28,30,1,0,0,0,0,2,8,24,15,11,33,32,53,57,37,54,30,10,50,7,0,2104,908,0.073,3.276,3.873,1.206,0,0,668,100,200,98,61,34,0.055481,176.872,951
2.766,0.754,10.295,4,0.715861,6.17,7.68071,74,362,773,1766,130,83,79,231,32,375,53,481,325,50,405,-66,77,-43,7,39,29,100,78,11,2,28,30,1,0,0,0,0,2,8,24,15,11,33,32,53,57,37,54,30,10,50,7,0,2104,908,0.073,3.276,3.873,1.206,0,0,668,100,200,98,61,34,0.055481,176.872,951
2.766,0.754,10.295,4,0.715861,6.17,7.68071,74,362,773,1766,130,83,79,231,32,375,53,481,325,50,405,-66,77,-43,7,39,29,100,78,11,2,28,30,1,0,0,0,0,2,8,24,15,11,33,32,53,57,37,54,30,10,50,7,0,2104,908,0.073,3.276,3.873,1.206,0,0,668,100,200,98,61,34,0.055481,176.872,951
5.563,1.166,23.128,4,0.93274,4.62,15.9838,136,0,37,1354,3,22,89,272,34,464,33,497,397,65,424,-58,152,-45,18,84,40,26,89,38,9,3,16,51,2,0,0,0,0,0,21,21,22,41,42,38,36,25,32,40,38,51,100,62,238,1658,4.649,41.306,299.058,29.68,23,3,5253,500,2635,302,320,46,0.042655,2559.59,925
5.563,1.166,23.128,4,0.93274,4.62,15.9838,136,0,37,1354,3,22,89,272,34,464,33,497,397,65,424,-58,152,-45,18,84,40,26,89,38,9,3,16,51,2,0,0,0,0,0,21,21,22,41,42,38,36,25,32,40,38,51,100,62,238,1658,4.649,41.306,299.058,29.68,23,3,5253,500,2635,302,320,46,0.042655,2559.59,925
5.563,1.166,23.128,4,0.93274,4.62,15.9838,136,0,37,1354,3,22,89,272,34,464,33,497,397,65,424,-58,152,-45,18,84,40,26,89,38,9,3,16,51,2,0,0,0,0,0,21,21,22,41,42,38,36,25,32,40,38,51,100,62,238,1658,4.649,41.306,299.058,29.68,23,3,5253,500,2635,302,320,46,0.042655,2559.59,925
0.217,0.038,1.063,2,0.21507,6.93,1.06883,81,0,794,2441,130,335,20,233,16,518,21,537,441,74,456,-38,157,-34,50,100,53,100,96,8,6,16,19,0,0,0,0,0,0,33,36,22,21,42,41,36,38,34,34,57,45,60,100,100,1564,1667,0.0,0.0,0.0,0.005,0,0,272,100,70,28,17,21,0.042588,0.023142,922
0.217,0.038,1.063,2,0.21507,6.93,1.06883,81,0,794,2441,130,335,20,233,16,518,21,537,441,74,456,-38,157,-34,50,100,53,100,96,8,6,16,19,0,0,0,0,0,0,33,36,22,21,42,41,36,38,34,34,57,45,60,100,100,1564,1667,0.0,0.0,0.0,0.005,0,0,272,100,70,28,17,21,0.042588,0.023142,922
0.217,0.038,1.063,2,0.21507,6.93,1.06883,81,0,794,2441,130,335,20,233,16,518,21,537,441,74,456,-38,157,-34,50,100,53,100,96,8,6,16,19,0,0,0,0,0,0,33,36,22,21,42,41,36,38,34,34,57,45,60,100,100,1564,1667,0.0,0.0,0.0,0.005,0,0,272,100,70,28,17,21,0.042588,0.023142,922
0.124,0.049,0.313,1,0.133117,0.54,2.27778,379,0,456,378,81,0,109,241,109,1028,39,1028,831,99,831,-6,104,-6,3,11,3,100,100,15,15,7,7,0,0,0,0,0,0,1,1,23,23,43,43,34,34,41,41,82,38,82,100,100,3851,3851,0.994,0.994,96.147,96.152,0,0,1773,1800,476,476,172,172,0.058068,42.5811,950
0.124,0.049,0.313,1,0.133117,0.54,2.27778,379,0,456,378,81,0,109,241,109,1028,39,1028,831,99,831,-6,104,-6,3,11,3,100,100,15,15,7,7,0,0,0,0,0,0,1,1,23,23,43,43,34,34,41,41,82,38,82,100,100,3851,3851,0.994,0.994,96.147,96.152,0,0,1773,1800,476,476,172,172,0.058068,42.5811,950
0.124,0.049,0.313,1,0.133117,0.54,2.27778,379,0,456,378,81,0,109,241,109,1028,39,1028,831,99,831,-6,104,-6,3,11,3,100,100,15,15,7,7,0,0,0,0,0,0,1,1,23,23,43,43,34,34,41,41,82,38,82,100,100,3851,3851,0.994,0.994,96.147,96.152,0,0,1773,1800,476,476,172,172,0.058068,42.5811,950
0.179,0.075,0.456,1,0.149345,2.41,1.04108,380,0,118,174,15,151,117,247,117,972,35,972,819,102,819,-14,107,-14,4,23,4,22,22,43,43,19,19,0,0,0,0,0,0,0,0,24,24,42,42,35,35,27,27,77,44,77,100,100,4076,4076,0.891,0.891,59.988,59.976,0,0,2453,2500,831,830,230,230,0.058068,35.0938,950
0.179,0.075,0.456,1,0.149345,2.41,1.04108,380,0,118,174,15,151,117,247,117,972,35,972,819,102,819,-14,107,-14,4,23,4,22,22,43,43,19,19,0,0,0,0,0,0,0,0,24,24,42,42,35,35,27,27,77,44,77,100,100,4076,4076,0.891,0.891,59.988,59.976,0,0,2453,2500,831,830,230,230,0.058068,35.0938,950
0.179,0.075,0.456,1,0.149345,2.41,1.04108,380,0,118,174,15,151,117,247,117,972,35,972,819,102,819,-14,107,-14,4,23,4,22,22,43,43,19,19,0,0,0,0,0,0,0,0,24,24,42,42,35,35,27,27,77,44,77,100,100,4076,4076,0.891,0.891,59.988,59.976,0,0,2453,2500,831,830,230,230,0.058068,35.0938,950
959.23,277.315,1895.726,6,4.56186,2.0,829.438,589,91,18,24,14,5,181,191,165,1497,93,1439,1126,100,1053,0,107,4,1,3,0,100,76,3,13,1,7,0,0,0,0,0,0,1,1,18,22,36,37,46,41,52,31,79,41,80,100,26,499,1111,0.002,1382.273,1.041,29.781,0,2,535,1000,53,365,53,91,0.043949,58036.9,803
959.23,277.315,1895.726,6,4.56186,2.0,829.438,589,91,18,24,14,5,181,191,165,1497,93,1439,1126,100,1053,0,107,4,1,3,0,100,76,3,13,1,7,0,0,0,0,0,0,1,1,18,22,36,37,46,41,52,31,79,41,80,100,26,499,1111,0.002,1382.273,1.041,29.781,0,2,535,1000,53,365,53,91,0.043949,58036.9,803
959.23,277.315,1895.726,6,4.56186,2.0,829.438,589,91,18,24,14,5,181,191,165,1497,93,1439,1126,100,1053,0,107,4,1,3,0,100,76,3,13,1,7,0,0,0,0,0,0,1,1,18,22,36,37,46,41,52,31,79,41,80,100,26,499,1111,0.002,1382.273,1.041,29.781,0,2,535,1000,53,365,53,91,0.043949,58036.9,803
0.592,0.149,1.026,1,0.207804,5.5,0.881091,1348,0,561,1053,151,710,68,166,68,1892,298,1892,651,97,651,52,181,52,27,60,27,100,100,0,0,0,0,0,0,0,0,0,0,95,95,10,10,39,39,51,51,106,106,81,56,81,0,0,790,790,0.0,0.0,0.001,0.001,0,0,0,0,20,20,13,13,0.047639,0.002294,928
0.592,0.149,1.026,1,0.207804,5.5,0.881091,1348,0,561,1053,151,710,68,166,68,1892,298,1892,651,97,651,52,181,52,27,60,27,100,100,0,0,0,0,0,0,0,0,0,0,95,95,10,10,39,39,51,51,106,106,81,56,81,0,0,790,790,0.0,0.0,0.001,0.001,0,0,0,0,20,20,13,13,0.047639,0.002294,928
0.592,0.149,1.026,1,0.207804,5.5,0.881091,1348,0,561,1053,151,710,68,166,68,1892,298,1892,651,97,651,52,181,52,27,60,27,100,100,0,0,0,0,0,0,0,0,0,0,95,95,10,10,39,39,51,51,106,106,81,56,81,0,0,790,790,0.0,0.0,0.001,0.001,0,0,0,0,20,20,13,13,0.047639,0.002294,928
0.062,0.005,0.234,2,0.162217,5.52,0.246558,24,0,1021,263,73,62,111,220,107,209,27,224,185,32,197,-81,153,-79,1,8,2,53,16,45,60,9,7,34,26,0,0,0,0,0,0,16,16,38,37,46,47,17,17,20,25,22,0,0,837,748,0.294,0.867,17.348,10.139,0,0,1470,1400,246,256,150,106,0.055867,99.6699,948
0.062,0.005,0.234,2,0.162217,5.52,0.246558,24,0,1021,263,73,62,111,220,107,209,27,224,185,32,197,-81,153,-79,1,8,2,53,16,45,60,9,7,34,26,0,0,0,0,0,0,16,16,38,37,46,47,17,17,20,25,22,0,0,837,748,0.294,0.867,17.348,10.139,0,0,1470,1400,246,256,150,106,0.055867,99.6699,948
0.062,0.005,0.234,2,0.162217,5.52,0.246558,24,0,1021,263,73,62,111,220,107,209,27,224,185,32,197,-81,153,-79,1,8,2,53,16,45,60,9,7,34,26,0,0,0,0,0,0,16,16,38,37,46,47,17,17,20,25,22,0,0,837,748,0.294,0.867,17.348,10.139,0,0,1470,1400,246,256,150,106,0.055867,99.6699,948
3.157,1.842,6.025,3,0.516599,4.79,4.77557,483,0,123,31,20,36,129,244,127,1057,35,1074,847,100,850,-7,112,-4,2,15,2,0,24,0,4,0,2,0,0,0,0,0,0,8,4,15,17,34,36,51,47,25,26,80,39,81,0,0,190,1776,41.594,234.249,2600.23,1183.483,100,76,6300,6200,9830,5977,417,367,0.064307,15500.4,953
0.455,0.264,0.833,1,0.171086,5.72,0.897902,503,0,96,31,16,35,131,239,131,1072,40,1072,844,98,844,-2,110,-2,3,22,3,100,100,13,14,1,1,0,0,0,0,0,0,11,11,18,18,35,35,46,46,34,34,82,36,82,0,0,1272,1286,1.645,1.641,57.396,57.782,0,0,3032,3000,2822,2794,254,254,0.064307,111.949,953
0.455,0.264,0.833,1,0.171086,5.72,0.897902,503,0,96,31,16,35,131,239,131,1072,40,1072,844,98,844,-2,110,-2,3,22,3,100,100,13,14,1,1,0,0,0,0,0,0,11,11,18,18,35,35,46,46,34,34,82,36,82,0,0,1272,1286,1.645,1.641,57.396,57.782,0,0,3032,3000,2822,2794,254,254,0.064307,111.949,953
0.455,0.264,0.833,1,0.171086,5.72,0.897902,503,0,96,31,16,35,131,239,131,1072,40,1072,844,98,844,-2,110,-2,3,22,3,100,100,13,14,1,1,0,0,0,0,0,0,11,11,18,18,35,35,46,46,34,34,82,36,82,0,0,1272,1286,1.645,1.641,57.396,57.782,0,0,3032,3000,2822,2794,254,254,0.064307,111.949,953
7.164,2.294,25.724,4,1.03364,2.09,17.4679,338,0,2,217,3,5,106,284,105,932,64,931,786,111,785,-12,112,-12,7,28,8,0,2,92,89,1,1,1,1,0,0,0,0,1,0,27,27,52,54,20,19,25,25,78,38,78,0,0,8200,8379,0.025,7.809,10.092,11.89,0,0,1927,1100,268,377,231,109,0.055147,441.764,950
7.164,2.294,25.724,4,1.03364,2.09,17.4679,338,0,2,217,3,5,106,284,105,932,64,931,786,111,785,-12,112,-12,7,28,8,0,2,92,89,1,1,1,1,0,0,0,0,1,0,27,27,52,54,20,19,25,25,78,38,78,0,0,8200,8379,0.025,7.809,10.092,11.89,0,0,1927,1100,268,377,231,109,0.055147,441.764,950
7.164,2.294,25.724,4,1.03364,2.09,17.4679,338,0,2,217,3,5,106,284,105,932,64,931,786,111,785,-12,112,-12,7,28,8,0,2,92,89,1,1,1,1,0,0,0,0,1,0,27,27,52,54,20,19,25,25,78,38,78,0,0,8200,8379,0.025,7.809,10.092,11.89,0,0,1927,1100,268,377,231,109,0.055147,441.764,950
0.856,0.493,2.08,1,0.252647,9.85,1.56487,787,0,405,582,111,361,44,275,44,1206,38,1206,719,112,719,31,116,31,29,85,29,100,100,0,0,1,1,0,0,0,0,0,0,91,91,8,8,36,36,56,56,101,101,92,22,92,0,0,227,227,0.094,0.094,2.816,2.816,0,0,269,300,326,326,48,48,0.057322,1.2309,951
0.856,0.493,2.08,1,0.252647,9.85,1.56487,787,0,405,582,111,361,44,275,44,1206,38,1206,719,112,719,31,116,31,29,85,29,100,100,0,0,1,1,0,0,0,0,0,0,91,91,8,8,36,36,56,56,101,101,92,22,92,0,0,227,227,0.094,0.094,2.816,2.816,0,0,269,300,326,326,48,48,0.057322,1.2309,951
0.856,0.493,2.08,1,0.252647,9.85,1.56487,787,0,405,582,111,361,44,275,44,1206,38,1206,719,112,719,31,116,31,29,85,29,100,100,0,0,1,1,0,0,0,0,0,0,91,91,8,8,36,36,56,56,101,101,92,22,92,0,0,227,227,0.094,0.094,2.816,2.816,0,0,269,300,326,326,48,48,0.057322,1.2309,951
6.484,1.431,17.313,3,0.826142,6.66,12.3797,157,0,718,1196,153,62,78,240,50,511,66,594,435,75,500,-52,175,-40,17,78,36,42,58,1,0,27,5,0,0,0,0,0,0,0,0,17,17,39,41,44,42,28,40,47,60,58,0,0,2751,1385,0.605,3.058,24.197,2.961,0,0,755,300,153,47,63,26,0.041841,118.408,884
6.484,1.431,17.313,3,0.826142,6.66,12.3797,157,0,718,1196,153,62,78,240,50,511,66,594,435,75,500,-52,175,-40,17,78,36,42,58,1,0,27,5,0,0,0,0,0,0,0,0,17,17,39,41,44,42,28,40,47,60,58,0,0,2751,1385,0.605,3.058,24.197,2.961,0,0,755,300,153,47,63,26,0.041841,118.408,884
6.484,1.431,17.313,3,0.826142,6.66,12.3797,157,0,718,1196,153,62,78,240,50,511,66,594,435,75,500,-52,175,-40,17,78,36,42,58,1,0,27,5,0,0,0,0,0,0,0,0,17,17,39,41,44,42,28,40,47,60,58,0,0,2751,1385,0.605,3.058,24.197,2.961,0,0,755,300,153,47,63,26,0.041841,118.408,884
0.242,0.063,0.744,1,0.196017,11.24,0.691815,220,0,541,1815,143,424,74,246,74,618,43,618,515,82,515,-41,154,-41,19,74,19,60,60,12,12,8,8,1,1,0,0,0,0,50,50,22,22,43,43,36,36,27,27,54,52,54,0,0,1911,1910,26.326,26.326,754.728,755.148,33,33,4370,4400,3924,3926,241,241,0.042655,1208.71,925
0.242,0.063,0.744,1,0.196017,11.24,0.691815,220,0,541,1815,143,424,74,246,74,618,43,618,515,82,515,-41,154,-41,19,74,19,60,60,12,12,8,8,1,1,0,0,0,0,50,50,22,22,43,43,36,36,27,27,54,52,54,0,0,1911,1910,26.326,26.326,754.728,755.148,33,33,4370,4400,3924,3926,241,241,0.042655,1208.71,925
0.242,0.063,0.744,1,0.196017,11.24,0.691815,220,0,541,1815,143,424,74,246,74,618,43,618,515,82,515,-41,154,-41,19,74,19,60,60,12,12,8,8,1,1,0,0,0,0,50,50,22,22,43,43,36,36,27,27,54,52,54,0,0,1911,1910,26.326,26.326,754.728,755.148,33,33,4370,4400,3924,3926,241,241,0.042655,1208.71,925
122.403,56.057,391.445,5,2.62123,7.6,201.742,429,43,301,195,40,11,117,259,104,1054,48,971,839,111,793,-6,116,-8,2,16,10,85,5,14,61,3,3,1,1,0,0,0,0,2,0,23,24,42,49,35,27,37,25,80,42,80,100,73,4761,5099,1.387,1331.516,73.109,135.141,5,10,4064,2800,1249,1245,342,232,0.047436,59623.4,925
122.403,56.057,391.445,5,2.62123,7.6,201.742,429,43,301,195,40,11,117,259,104,1054,48,971,839,111,793,-6,116,-8,2,16,10,85,5,14,61,3,3,1,1,0,0,0,0,2,0,23,24,42,49,35,27,37,25,80,42,80,100,73,4761,5099,1.387,1331.516,73.109,135.141,5,10,4064,2800,1249,1245,342,232,0.047436,59623.4,925
122.403,56.057,391.445,5,2.62123,7.6,201.742,429,43,301,195,40,11,117,259,104,1054,48,971,839,111,793,-6,116,-8,2,16,10,85,5,14,61,3,3,1,1,0,0,0,0,2,0,23,24,42,49,35,27,37,25,80,42,80,100,73,4761,5099,1.387,1331.516,73.109,135.141,5,10,4064,2800,1249,1245,342,232,0.047436,59623.4,925
323.82,99.069,683.49,5,3.18825,4.74,332.264,546,230,21,32,7,6,175,202,162,1384,80,1446,1049,102,1050,-2,114,6,0,1,0,70,80,19,11,20,7,0,0,0,0,0,0,0,1,19,22,37,37,44,41,40,32,77,44,81,89,14,287,1144,0.042,895.308,3.87,55.96,0,4,750,1400,535,614,74,113,0.043949,37905.4,803
323.82,99.069,683.49,5,3.18825,4.74,332.264,546,230,21,32,7,6,175,202,162,1384,80,1446,1049,102,1050,-2,114,6,0,1,0,70,80,19,11,20,7,0,0,0,0,0,0,0,1,19,22,37,37,44,41,40,32,77,44,81,89,14,287,1144,0.042,895.308,3.87,55.96,0,4,750,1400,535,614,74,113,0.043949,37905.4,803
323.82,99.069,683.49,5,3.18825,4.74,332.264,546,230,21,32,7,6,175,202,162,1384,80,1446,1049,102,1050,-2,114,6,0,1,0,70,80,19,11,20,7,0,0,0,0,0,0,0,1,19,22,37,37,44,41,40,32,77,44,81,89,14,287,1144,0.042,895.308,3.87,55.96,0,4,750,1400,535,614,74,113,0.043949,37905.4,803
2.006,0.923,7.205,2,0.600553,2.32,5.61983,681,0,594,509,116,108,65,259,57,1088,47,1129,759,110,747,17,115,24,19,71,11,100,60,4,12,4,7,0,0,0,0,0,0,0,0,18,18,39,40,44,42,75,76,89,28,92,0,0,584,829,0.055,0.609,11.976,6.545,0,0,852,600,204,102,103,55,0.063747,29.618,952
2.006,0.923,7.205,2,0.600553,2.32,5.61983,681,0,594,509,116,108,65,259,57,1088,47,1129,759,110,747,17,115,24,19,71,11,100,60,4,12,4,7,0,0,0,0,0,0,0,0,18,18,39,40,44,42,75,76,89,28,92,0,0,584,829,0.055,0.609,11.976,6.545,0,0,852,600,204,102,103,55,0.063747,29.618,952
2.006,0.923,7.205,2,0.600553,2.32,5.61983,681,0,594,509,116,108,65,259,57,1088,47,1129,759,110,747,17,115,24,19,71,11,100,60,4,12,4,7,0,0,0,0,0,0,0,0,18,18,39,40,44,42,75,76,89,28,92,0,0,584,829,0.055,0.609,11.976,6.545,0,0,852,600,204,102,103,55,0.063747,29.618,952
67.856,17.06,174.52,6,2.01581,7.76,97.4214,14,1554,258,1527,10,6,132,237,54,221,31,441,187,18,363,-85,93,-54,1,6,20,35,58,13,6,49,38,19,6,0,0,0,1,0,14,19,14,36,33,45,53,11,36,15,10,40,0,13,645,1268,1.322,1045.942,60.092,23.027,7,2,3235,400,1353,265,258,53,0.043737,49933.0,889
67.856,17.06,174.52,6,2.01581,7.76,97.4214,14,1554,258,1527,10,6,132,237,54,221,31,441,187,18,363,-85,93,-54,1,6,20,35,58,13,6,49,38,19,6,0,0,0,1,0,14,19,14,36,33,45,53,11,36,15,10,40,0,13,645,1268,1.322,1045.942,60.092,23.027,7,2,3235,400,1353,265,258,53,0.043737,49933.0,889
67.856,17.06,174.52,6,2.01581,7.76,97.4214,14,1554,258,1527,10,6,132,237,54,221,31,441,187,18,363,-85,93,-54,1,6,20,35,58,13,6,49,38,19,6,0,0,0,1,0,14,19,14,36,33,45,53,11,36,15,10,40,0,13,645,1268,1.322,1045.942,60.092,23.027,7,2,3235,400,1353,265,258,53,0.043737,49933.0,889
0.834,0.151,3.385,2,0.329494,12.47,2.50489,207,0,489,3083,157,123,-2,239,-10,571,26,624,470,74,483,-27,155,-13,49,100,55,97,93,1,1,23,24,1,0,0,0,7,17,10,44,13,13,39,38,48,49,47,49,65,41,72,0,0,3098,6689,0.15,0.18,2.72,1.433,0,0,566,300,110,93,30,29,0.055481,9.64689,951
0.834,0.151,3.385,2,0.329494,12.47,2.50489,207,0,489,3083,157,123,-2,239,-10,571,26,624,470,74,483,-27,155,-13,49,100,55,97,93,1,1,23,24,1,0,0,0,7,17,10,44,13,13,39,38,48,49,47,49,65,41,72,0,0,3098,6689,0.15,0.18,2.72,1.433,0,0,566,300,110,93,30,29,0.055481,9.64689,951
0.834,0.151,3.385,2,0.329494,12.47,2.50489,207,0,489,3083,157,123,-2,239,-10,571,26,624,470,74,483,-27,155,-13,49,100,55,97,93,1,1,23,24,1,0,0,0,7,17,10,44,13,13,39,38,48,49,47,49,65,41,72,0,0,3098,6689,0.15,0.18,2.72,1.433,0,0,566,300,110,93,30,29,0.055481,9.64689,951
0.049,0.003,0.274,1,0.120973,1.77,0.772316,106,0,829,1868,104,653,45,219,45,448,40,448,383,63,383,-54,164,-54,31,84,31,99,99,2,2,94,94,0,0,0,0,0,0,0,0,20,20,44,44,36,36,32,32,44,45,44,0,0,1583,1583,0.0,0.0,0.002,0.002,0,0,0,0,0,0,20,20,0.041841,0.001502,884
0.049,0.003,0.274,1,0.120973,1.77,0.772316,106,0,829,1868,104,653,45,219,45,448,40,448,383,63,383,-54,164,-54,31,84,31,99,99,2,2,94,94,0,0,0,0,0,0,0,0,20,20,44,44,36,36,32,32,44,45,44,0,0,1583,1583,0.0,0.0,0.002,0.002,0,0,0,0,0,0,20,20,0.041841,0.001502,884
0.049,0.003,0.274,1,0.120973,1.77,0.772316,106,0,829,1868,104,653,45,219,45,448,40,448,383,63,383,-54,164,-54,31,84,31,99,99,2,2,94,94,0,0,0,0,0,0,0,0,20,20,44,44,36,36,32,32,44,45,44,0,0,1583,1583,0.0,0.0,0.002,0.002,0,0,0,0,0,0,20,20,0.041841,0.001502,884
0.22,0.139,0.446,1,0.141786,0.69,2.00145,887,0,620,260,51,0,82,262,82,1243,24,1243,804,112,804,23,122,23,22,81,22,100,100,1,1,1,1,0,0,0,0,0,0,0,0,6,6,33,33,61,61,70,70,89,30,89,0,0,194,194,0.68,0.68,86.677,86.673,0,0,3118,3100,885,885,251,251,0.071149,64.0662,955
35.559,23.216,70.849,5,1.37685,3.81,43.5462,868,374,241,79,37,8,94,264,80,1183,24,1232,809,111,796,14,126,23,12,45,21,100,95,4,2,1,1,2,1,0,0,0,0,7,3,7,6,33,33,60,61,58,71,86,36,89,0,0,283,336,3.056,179.861,246.714,141.856,19,14,5506,2900,2532,1329,362,199,0.071149,12198.1,955
35.559,23.216,70.849,5,1.37685,3.81,43.5462,868,374,241,79,37,8,94,264,80,1183,24,1232,809,111,796,14,126,23,12,45,21,100,95,4,2,1,1,2,1,0,0,0,0,7,3,7,6,33,33,60,61,58,71,86,36,89,0,0,283,336,3.056,179.861,246.714,141.856,19,14,5506,2900,2532,1329,362,199,0.071149,12198.1,955
0.154,0.074,0.317,1,0.131399,4.79,0.496242,186,0,182,421,16,63,120,288,120,880,115,880,746,100,746,-23,70,-23,4,17,4,0,0,28,28,53,53,0,0,0,0,0,0,0,0,23,23,49,49,28,28,20,20,67,15,67,100,100,1683,1683,0.022,0.022,0.863,0.863,0,0,0,0,14,14,44,44,0.051129,1.26485,934
0.154,0.074,0.317,1,0.131399,4.79,0.496242,186,0,182,421,16,63,120,288,120,880,115,880,746,100,746,-23,70,-23,4,17,4,0,0,28,28,53,53,0,0,0,0,0,0,0,0,23,23,49,49,28,28,20,20,67,15,67,100,100,1683,1683,0.022,0.022,0.863,0.863,0,0,0,0,14,14,44,44,0.051129,1.26485,934
0.154,0.074,0.317,1,0.131399,4.79,0.496242,186,0,182,421,16,63,120,288,120,880,115,880,746,100,746,-23,70,-23,4,17,4,0,0,28,28,53,53,0,0,0,0,0,0,0,0,23,23,49,49,28,28,20,20,67,15,67,100,100,1683,1683,0.022,0.022,0.863,0.863,0,0,0,0,14,14,44,44,0.051129,1.26485,934
0.033,0.0,0.137,2,0.0981287,17.28,0.151736,29,0,1262,1526,35,83,94,231,87,174,11,193,152,22,169,-86,96,-84,5,39,6,5,3,0,1,76,91,0,0,0,0,0,0,0,0,15,15,31,30,54,56,9,11,14,15,16,0,0,1217,813,0.0,0.0,0.0,0.0,0,0,0,0,0,0,13,25,0.048454,0.0,905
0.118,0.019,0.288,1,0.129239,0.93,1.36882,344,0,458,2186,118,2539,69,153,69,832,149,832,542,73,542,-11,176,-11,32,85,32,100,100,1,1,1,1,0,0,0,0,0,0,0,0,13,13,30,30,57,57,49,49,65,73,65,100,100,3376,3376,0.0,0.0,0.0,0.0,0,0,0,0,0,0,0,0,0.055768,0.0,951
0.118,0.019,0.288,1,0.129239,0.93,1.36882,344,0,458,2186,118,2539,69,153,69,832,149,832,542,73,542,-11,176,-11,32,85,32,100,100,1,1,1,1,0,0,0,0,0,0,0,0,13,13,30,30,57,57,49,49,65,73,65,100,100,3376,3376,0.0,0.0,0.0,0.0,0,0,0,0,0,0,0,0,0.055768,0.0,951
0.431,0.192,1.137,1,0.218843,8.9,0.994382,465,0,255,635,33,49,111,220,111,989,31,989,834,99,834,-14,106,-14,3,13,3,59,59,26,26,21,21,0,0,0,0,0,0,0,0,23,23,37,37,40,40,36,36,77,42,77,80,80,2067,2067,26.258,26.258,861.629,861.451,35,35,5284,5300,2254,2253,297,297,0.058068,1856.19,950
0.431,0.192,1.137,1,0.218843,8.9,0.994382,465,0,255,635,33,49,111,220,111,989,31,989,834,99,834,-14,106,-14,3,13,3,59,59,26,26,21,21,0,0,0,0,0,0,0,0,23,23,37,37,40,40,36,36,77,42,77,80,80,2067,2067,26.258,26.258,861.629,861.451,35,35,5284,5300,2254,2253,297,297,0.058068,1856.19,950
0.431,0.192,1.137,1,0.218843,8.9,0.994382,465,0,255,635,33,49,111,220,111,989,31,989,834,99,834,-14,106,-14,3,13,3,59,59,26,26,21,21,0,0,0,0,0,0,0,0,23,23,37,37,40,40,36,36,77,42,77,80,80,2067,2067,26.258,26.258,861.629,861.451,35,35,5284,5300,2254,2253,297,297,0.058068,1856.19,950
